---
title: Date and Time Types
summary: Learn about the supported date and time types.
---

# 日付と時刻の種類 {#date-and-time-types}

TiDB は、一時的な値を格納するすべての MySQL の日付と時刻のデータ型をサポートしています: [`DATE`](#date-type) 、 [`TIME`](#time-type) 、 [`DATETIME`](#datetime-type) 、 [`TIMESTAMP`](#timestamp-type) 、および[`YEAR`](#year-type) 。詳細については、 [MySQL の日付と時刻のデータ型](https://dev.mysql.com/doc/refman/5.7/en/date-and-time-types.html)を参照してください。

これらの型にはそれぞれ有効な値の範囲があり、ゼロ値を使用して無効な値であることを示します。さらに、 `TIMESTAMP`と`DATETIME`型は、変更時に新しい時間値を自動的に生成できます。

日付と時刻の値の型を扱うときは、次の点に注意してください。

-   TiDB はさまざまな形式を解釈しようとしますが、日付部分は、月-日-年または日-月-年ではなく、年-月-日 (たとえば、&#39;1998-09-04&#39;) の形式にする必要があります。

-   日付の年部分が 2 桁で指定されている場合、TiDB は[特定の規則](#two-digit-year-portion-contained-in-the-date)に基づいて変換します。

-   コンテキストで数値が必要な場合、TiDB は自動的に日付または時刻の値を数値型に変換します。例えば：

    ```sql
    mysql> SELECT NOW(), NOW()+0, NOW(3)+0;
    +---------------------+----------------+--------------------+
    | NOW()               | NOW()+0        | NOW(3)+0           |
    +---------------------+----------------+--------------------+
    | 2012-08-15 09:28:00 | 20120815092800 | 20120815092800.889 |
    +---------------------+----------------+--------------------+
    ```

-   TiDB は、無効な値またはサポートされている範囲を超える値を、その型のゼロ値に自動的に変換する場合があります。この動作は、SQL モード セットに依存します。例えば：

    ```sql
    mysql> show create table t1;
    +-------+---------------------------------------------------------------------------------------------------------+
    | Table | Create Table                                                                                            |
    +-------+---------------------------------------------------------------------------------------------------------+
    | t1    | CREATE TABLE `t1` (
      `a` time DEFAULT NULL
    ) ENGINE=InnoDB DEFAULT CHARSET=utf8mb4 COLLATE=utf8mb4_bin |
    +-------+---------------------------------------------------------------------------------------------------------+
    1 row in set (0.00 sec)

    mysql> select @@sql_mode;
    +-------------------------------------------------------------------------------------------------------------------------------------------+
    | @@sql_mode                                                                                                                                |
    +-------------------------------------------------------------------------------------------------------------------------------------------+
    | ONLY_FULL_GROUP_BY,STRICT_TRANS_TABLES,NO_ZERO_IN_DATE,NO_ZERO_DATE,ERROR_FOR_DIVISION_BY_ZERO,NO_AUTO_CREATE_USER,NO_ENGINE_SUBSTITUTION |
    +-------------------------------------------------------------------------------------------------------------------------------------------+
    1 row in set (0.00 sec)

    mysql> insert into t1 values ('2090-11-32:22:33:44');
    ERROR 1292 (22007): Truncated incorrect time value: '2090-11-32:22:33:44'
    mysql> set @@sql_mode='';                                                                                                                                                                                                                     Query OK, 0 rows affected (0.01 sec)

    mysql> insert into t1 values ('2090-11-32:22:33:44');
    Query OK, 1 row affected, 1 warning (0.01 sec)

    mysql> select * from t1;
    +----------+
    | a        |
    +----------+
    | 00:00:00 |
    +----------+
    1 row in set (0.01 sec)
    ```

-   異なる SQL モードを設定すると、TiDB の動作が変わる可能性があります。

-   SQL モード`NO_ZERO_DATE`が有効になっていない場合、TiDB は`DATE`と`DATETIME`の列の月または日をゼロ値にすることを許可します (たとえば、&#39;2009-00-00&#39; または &#39;2009-01-00&#39;)。この日付タイプが関数で計算される場合 (たとえば、 `DATE_SUB()`または`DATE_ADD()` 、結果が正しくない可能性があります。

-   デフォルトでは、TiDB は SQL モード`NO_ZERO_DATE`を有効にします。このモードは、「0000-00-00」などのゼロ値の保存を防ぎます。

次の表に、さまざまなタイプのゼロ値を示します。

| 日付タイプ   | 「ゼロ」値                 |
| :------ | :-------------------- |
| 日にち     | &#39;0000-00-00&#39;  |
| 時間      | 「00:00:00」            |
| 日付時刻    | 「0000-00-00 00:00:00」 |
| タイムスタンプ | 「0000-00-00 00:00:00」 |
| 年       | 0000                  |

無効な`DATE` 、 `DATETIME` 、 `TIMESTAMP`値は、SQL モードでそのような使用が許可されている場合、対応するタイプのゼロ値 ( &#39;0000-00-00&#39; または &#39;0000-00-00 00:00:00&#39; ) に自動的に変換されます。

## サポートされているタイプ {#supported-types}

### <code>DATE</code>型 {#code-date-code-type}

`DATE`には日付部分のみが含まれ、時間部分は含まれず、 `YYYY-MM-DD`形式で表示されます。サポートされている範囲は「0000-01-01」から「9999-12-31」です。

```sql
DATE
```

### <code>TIME</code>型 {#code-time-code-type}

`TIME`タイプの場合、形式は`HH:MM:SS[.fraction]`で、有効な値の範囲は「-838:59:59.000000」から「838:59:59.000000」です。 `TIME` 1 日のうちの時間を示すだけでなく、2 つのイベント間の時間間隔を示すためにも使用されます。小数秒の精度を指定するために、0 から 6 までの範囲のオプションの`fsp`値を指定できます。省略した場合、デフォルトの精度は 0 です。

```sql
TIME[(fsp)]
```

> **ノート：**
>
> `TIME`の省略形に注意してください。たとえば、「11:12」は「00:11:12」ではなく「11:12:00」を意味します。ただし、「1112」は「00:11:12」を意味します。これらの違いは、 `:`文字の有無によって生じます。

### <code>DATETIME</code>型 {#code-datetime-code-type}

`DATETIME`には、日付部分と時間部分の両方が含まれます。有効な値の範囲は、「0000-01-01 00:00:00.000000」から「9999-12-31 23:59:59.999999」です。

TiDB は`DATETIME`値を`YYYY-MM-DD HH:MM:SS[.fraction]`形式で表示しますが、文字列または数値を使用して`DATETIME`列に値を割り当てることができます。 0 から 6 の範囲のオプションの fsp 値を指定して、小数秒の精度を指定できます。省略した場合、デフォルトの精度は 0 です。

```sql
DATETIME[(fsp)]
```

### <code>TIMESTAMP</code>型 {#code-timestamp-code-type}

`TIMESTAMP`には、日付部分と時間部分の両方が含まれます。有効な値の範囲は、UTC 時間で「1970-01-01 00:00:01.000000」から「2038-01-19 03:14:07.999999」です。 0 から 6 の範囲のオプションの fsp 値を指定して、小数秒の精度を指定できます。省略した場合、デフォルトの精度は 0 です。

`TIMESTAMP`では、月部分または日部分にゼロを使用することはできません。唯一の例外は、ゼロ値自体「0000-00-00 00:00:00」です。

```sql
TIMESTAMP[(fsp)]
```

#### タイムゾーンの処理 {#timezone-handling}

`TIMESTAMP`を格納する場合、TiDB は`TIMESTAMP`値を現在のタイム ゾーンから UTC タイム ゾーンに変換します。 `TIMESTAMP`を取得する場合、TiDB は格納されている`TIMESTAMP`値を UTC タイム ゾーンから現在のタイム ゾーンに変換します (注: `DATETIME`はこの方法では処理されません)。各接続のデフォルトのタイム ゾーンは、サーバーのローカル タイム ゾーンであり、環境変数`time_zone`で変更できます。

> **警告：**
>
> MySQL と同様に、 `TIMESTAMP`データ型は[2038年問題](https://en.wikipedia.org/wiki/Year_2038_problem)の影響を受けます。 2038 を超える可能性のある値を格納するには、代わりに`DATETIME`型の使用を検討してください。

### <code>YEAR</code>型 {#code-year-code-type}

`YEAR`種類は「YYYY」の形式で指定します。サポートされている値の範囲は 1901 ～ 2155、またはゼロ値 0000 です。

```sql
YEAR[(4)]
```

`YEAR`次の形式規則に従います。

-   1901 から 2155 までの 4 桁の数字の範囲
-   「1901」から「2155」までの 4 桁の文字列の範囲
-   1 桁または 2 桁の数字の範囲は 1 ～ 99 です。したがって、1 ～ 69 は 2001 ～ 2069 年に変換され、70 ～ 99 は 1970 ～ 1999 年に変換されます。
-   &#39;0&#39; から &#39;99&#39; までの 1 桁または 2 桁の文字列
-   値 0 は 0000 と見なされますが、文字列 &#39;0&#39; または &#39;00&#39; は 2000 と見なされます。

無効な`YEAR`値は、自動的に 0000 に変換されます (ユーザーが`NO_ZERO_DATE` SQL モードを使用していない場合)。

## <code>TIMESTAMP</code>と<code>DATETIME</code>の自動初期化と更新 {#automatic-initialization-and-update-of-code-timestamp-code-and-code-datetime-code}

値の型が`TIMESTAMP`または`DATETIME`の列は、現在の時刻に自動的に初期化または更新できます。

テーブル内の`TIMESTAMP`または`DATETIME`値の型を持つ任意の列について、現在のタイムスタンプとしてデフォルト値または自動更新値を設定できます。

これらのプロパティは、列の定義時に`DEFAULT CURRENT_TIMESTAMP`と`ON UPDATE CURRENT_TIMESTAMP`を設定することで設定できます。 DEFAULT は、 `DEFAULT 0`や`DEFAULT '2000-01-01 00:00:00'`などの特定の値として設定することもできます。

```sql
CREATE TABLE t1 (
    ts TIMESTAMP DEFAULT CURRENT_TIMESTAMP ON UPDATE CURRENT_TIMESTAMP,
    dt DATETIME DEFAULT CURRENT_TIMESTAMP ON UPDATE CURRENT_TIMESTAMP
);
```

`DATETIME`のデフォルト値は、 `NOT NULL`と指定されていない限り`NULL`です。後者の場合、デフォルト値が設定されていない場合、デフォルト値は 0 です。

```sql
CREATE TABLE t1 (
    dt1 DATETIME ON UPDATE CURRENT_TIMESTAMP,         -- default NULL
    dt2 DATETIME NOT NULL ON UPDATE CURRENT_TIMESTAMP -- default 0
);
```

## 時間値の小数部分 {#decimal-part-of-time-value}

`DATETIME`および`TIMESTAMP`値には、最大 6 桁の小数部分を含めることができます。これはミリ秒単位の精度です。 `DATETIME`種類または`TIMESTAMP`種類のいずれかの列で、端数部分は破棄されずに格納されます。小数部分の場合、値は「YYYY-MM-DD HH:MM:SS[.fraction]」の形式で、小数の範囲は 000000 ～ 999999 です。休み。

-   `type_name(fsp)`を使用して、小数精度をサポートする列を定義します。3 `type_name` `TIME` 、 `DATETIME`または`TIMESTAMP`です。例えば、

    ```sql
    CREATE TABLE t1 (t TIME(3), dt DATETIME(6));
    ```

    `fsp` 0 から 6 の範囲でなければなりません。

    `0`小数部分がないことを意味します。 `fsp`を省略した場合、デフォルトは 0 です。

-   小数部分を含む`TIME` 、 `DATETIME`または`TIMESTAMP`を挿入する場合、小数の桁数が少なすぎたり多すぎたりすると、丸めが必要になる場合があります。例えば：

    ```sql
    mysql> CREATE TABLE fractest( c1 TIME(2), c2 DATETIME(2), c3 TIMESTAMP(2) );
    Query OK, 0 rows affected (0.33 sec)

    mysql> INSERT INTO fractest VALUES
         > ('17:51:04.777', '2014-09-08 17:51:04.777',   '2014-09-08 17:51:04.777');
    Query OK, 1 row affected (0.03 sec)

    mysql> SELECT * FROM fractest;
    +-------------|------------------------|------------------------+
    | c1          | c2                     | c3                     |
    +-------------|------------------------|------------------------+
    | 17:51:04.78 | 2014-09-08 17:51:04.78 | 2014-09-08 17:51:04.78 |
    +-------------|------------------------|------------------------+
    1 row in set (0.00 sec)
    ```

## 日付型と時刻型の間の変換 {#conversions-between-date-and-time-types}

場合によっては、日付型と時刻型の間で変換を行う必要があります。ただし、変換によっては情報が失われる可能性があります。たとえば、 `DATE` 、 `DATETIME` 、および`TIMESTAMP`の値にはすべて、それぞれ独自の範囲があります。 `TIMESTAMP` UTC 時間で 1970 年以前、または UTC 時間 &#39;2038-01-19 03:14:07&#39; より前である必要があります。このルールに基づくと、&#39;1968-01-01&#39; は`DATE`または`DATETIME`の有効な日付値ですが、 `TIMESTAMP`に変換されると 0 になります。

`DATE`の変換:

-   `DATE`が`DATETIME`または`TIMESTAMP`に変換されると、時間部分 &#39;00:00:00&#39; が追加されます。これは、DATE に時間情報が含まれていないためです。
-   `DATE`を`TIME`に変換すると、結果は &#39;00:00:00&#39; になります。

`DATETIME`または`TIMESTAMP`の変換:

-   `DATETIME`または`TIMESTAMP` `DATE`に変換されると、時間と小数部分が破棄されます。たとえば、「1999-12-31 23:59:59.499」は「1999-12-31」に変換されます
-   `DATETIME`または`TIMESTAMP`が TIME に変換される場合、 `TIME`は日付情報が含まれていないため、日付部分は破棄されます。

`TIME`を他の日時形式に変換すると、日付部分は自動的に`CURRENT_DATE()`として指定されます。最終的な変換結果は、 `TIME`と`CURRENT_DATE()`で構成される日付です。つまり、TIME の値が &#39;00:00:00&#39; から &#39;23:59:59&#39; の範囲を超える場合、変換された日付部分は現在の日を示しません。

`TIME`が`DATE`に変換される場合、プロセスは同様であり、時間部分は破棄されます。

`CAST()`関数を使用すると、値を明示的に`DATE`型に変換できます。例えば：

```sql
date_col = CAST(datetime_col AS DATE)
```

`TIME`と`DATETIME`を数値形式に変換します。例えば：

```sql
mysql> SELECT CURTIME(), CURTIME()+0, CURTIME(3)+0;
+-----------|-------------|--------------+
| CURTIME() | CURTIME()+0 | CURTIME(3)+0 |
+-----------|-------------|--------------+
| 09:28:00  |       92800 |    92800.887 |
+-----------|-------------|--------------+
mysql> SELECT NOW(), NOW()+0, NOW(3)+0;
+---------------------|----------------|--------------------+
| NOW()               | NOW()+0        | NOW(3)+0           |
+---------------------|----------------|--------------------+
| 2012-08-15 09:28:00 | 20120815092800 | 20120815092800.889 |
+---------------------|----------------|--------------------+
```

## 日付に含まれる 2 桁の年部分 {#two-digit-year-portion-contained-in-the-date}

date に含まれる 2 桁の年部分は、実際の年を明示的に示しておらず、あいまいです。

`DATETIME` 、 `DATE` 、および`TIMESTAMP`型の場合、TiDB は次の規則に従ってあいまいさを排除します。

-   01 ～ 69 の値は 2001 ～ 2069 の値に変換されます
-   70 ～ 99 の値は 1970 ～ 1999 の値に変換されます

これらの規則は`YEAR`型にも適用されますが、例外が 1 つあります。

`YEAR(4)`に数字の`00`を挿入すると、結果は 2000 ではなく 0000 になります。

結果を 2000 にする場合は、値を 2000 に指定します。

`MIN()`や`MAX()`などの一部の関数では、2 桁の年の部分が正しく計算されない場合があります。これらの関数については、4 桁の形式の方が適しています。
