---
title: Set Operations
summary: TiDB でサポートされているセット操作について学習します。
---

# 集合演算 {#set-operations}

TiDBは、UNION、EXCEPT、INTERSECT演算子を使用した3つの集合演算をサポートしています。集合の最小単位は[`SELECT`文](/sql-statements/sql-statement-select.md)です。

## UNION演算子 {#union-operator}

数学では、2 つの集合 A と B の和集合は、A または B に含まれるすべての要素から構成されます。例:

```sql
SELECT 1 UNION SELECT 2;
+---+
| 1 |
+---+
| 2 |
| 1 |
+---+
2 rows in set (0.00 sec)
```

TiDB は`UNION DISTINCT`と`UNION ALL`両方の演算子をサポートします。5 `UNION DISTINCT`結果セットから重複レコードを削除し、 `UNION ALL`重複を含むすべてのレコードを保持します。TiDB では`UNION DISTINCT`デフォルトで使用されます。

```sql
CREATE TABLE t1 (a int);
CREATE TABLE t2 (a int);
INSERT INTO t1 VALUES (1),(2);
INSERT INTO t2 VALUES (1),(3);
```

クエリ`UNION DISTINCT`と`UNION ALL`例はそれぞれ次のようになります。

```sql
SELECT * FROM t1 UNION DISTINCT SELECT * FROM t2;
+---+
| a |
+---+
| 1 |
| 2 |
| 3 |
+---+
3 rows in set (0.00 sec)

SELECT * FROM t1 UNION ALL SELECT * FROM t2;
+---+
| a |
+---+
| 1 |
| 2 |
| 1 |
| 3 |
+---+
4 rows in set (0.00 sec)
```

## EXCEPT演算子 {#except-operator}

A と B が 2 つのセットである場合、EXCEPT は、A にはあるが B にはない要素で構成される A と B の差セットを返します。

```sql
SELECT * FROM t1 EXCEPT SELECT * FROM t2;
+---+
| a |
+---+
| 2 |
+---+
1 rows in set (0.00 sec)
```

`EXCEPT ALL`演算子はまだサポートされていません。

## INTERSECT演算子 {#intersect-operator}

数学では、2 つの集合 A と B の交差は、A と B の両方に含まれるすべての要素で構成され、他の要素は含まれません。

```sql
SELECT * FROM t1 INTERSECT SELECT * FROM t2;
+---+
| a |
+---+
| 1 |
+---+
1 rows in set (0.00 sec)
```

`INTERSECT ALL`演算子はまだサポートされていません。INTERSECT 演算子は、EXCEPT 演算子や UNION 演算子よりも優先されます。

```sql
SELECT * FROM t1 UNION ALL SELECT * FROM t1 INTERSECT SELECT * FROM t2;
+---+
| a |
+---+
| 1 |
| 1 |
| 2 |
+---+
3 rows in set (0.00 sec)
```

## 括弧 {#parentheses}

TiDB は、括弧を使用して集合演算の優先順位を指定することをサポートしています。括弧内の式が最初に処理されます。

```sql
(SELECT * FROM t1 UNION ALL SELECT * FROM t1) INTERSECT SELECT * FROM t2;
+---+
| a |
+---+
| 1 |
+---+
1 rows in set (0.00 sec)
```

## <code>ORDER BY</code>と<code>LIMIT</code>使用する {#use-code-order-by-code-and-code-limit-code}

TiDBは、集合演算の結果全体に対して`ORDER BY`または`LIMIT`句の使用をサポートしています。これらの2つの句は、ステートメント全体の末尾に配置する必要があります。

```sql
(SELECT * FROM t1 UNION ALL SELECT * FROM t1 INTERSECT SELECT * FROM t2) ORDER BY a LIMIT 2;
+---+
| a |
+---+
| 1 |
| 1 |
+---+
2 rows in set (0.00 sec)
```
