---
title: Optimistic transaction and pessimistic transaction
summary: Introduce optimistic and pessimistic transaction in TiDB, retries of optimistic transaction, etc.
---

# Optimistic transaction and pessimistic transaction

Simply put, the [optimistic transaction](/optimistic-transaction.md) model is to commit directly, and rollback when there is a conflict, [pessimistic transaction](/pessimistic-transaction.md) model is to try to lock the resources that need to be modified before actually committing the transaction, and only start committing after ensuring that the transaction can be successfully executed.

For the optimistic transaction model, it is more suitable for scenarios with a low conflict rate, because the direct submission has a high probability of success, and the conflict is a small probability event, but once a transaction conflict is encountered, the cost of rollback will be relatively high.

The advantage of pessimistic transactions is that for scenarios with a high conflict rate, the cost of locking in advance is less than the cost of rolling back afterwards, and it can also solve scenarios where multiple concurrent transactions conflict with each other and no one succeeds at a relatively low cost. However, pessimistic transactions are not as efficient as optimistic transactions in scenarios where the conflict rate is not high.

In terms of the complexity of application-side implementation, pessimistic transactions are more intuitive and easier to implement. Optimistic transactions require complex application-side retry mechanisms to ensure that.

The following uses a table in the [bookshop](/develop/dev-guide-bookshop-schema-design.md) database to implement an example of buying a book to demonstrate the difference between optimistic transactions and pessimistic transactions, as well as their advantages and disadvantages. The purchase process mainly includes:

1. Update stock quantity
2. Create an order
3. Payment

These three operations need to ensure that all of them succeed or all fail, and in the case of concurrency, they must be guaranteed not to be oversold.

## Pessimistic transaction

The following code uses two threads to simulate the process of two users buying the same book in a pessimistic transaction mode. There are 10 books left in the bookstore, Bob bought 6 books, and Alice bought 4 books. The two completed the order at about the same time, and in the end, the book had zero remaining inventory.

Because we use multiple threads to simulate the simultaneous insertion of multiple users, we need to use a thread-safe connection object, here we use Java's current popular connection pool [HikariCP](https://github.com/brettwooldridge/HikariCP ) as the thread pool we use for the demo here.

### 1. Writing a pessimistic transaction example

#### Configuration file

If you use Maven as package management, in the `<dependencies>` node in `pom.xml`, add the following dependencies to import `HikariCP`, and set the packaging goal, and the main class of the JAR package startup, complete `pom.xml` looks like this:

{{< copyable "" >}}

```xml
<?xml version="1.0" encoding="UTF-8"?>

<project xmlns="http://maven.apache.org/POM/4.0.0" xmlns:xsi="http://www.w3.org/2001/XMLSchema-instance"
  xsi:schemaLocation="http://maven.apache.org/POM/4.0.0 http://maven.apache.org/xsd/maven-4.0.0.xsd">
  <modelVersion>4.0.0</modelVersion>

  <groupId>com.pingcap</groupId>
  <artifactId>plain-java-txn</artifactId>
  <version>0.0.1</version>

  <name>plain-java-jdbc</name>

  <properties>
    <project.build.sourceEncoding>UTF-8</project.build.sourceEncoding>
    <maven.compiler.source>17</maven.compiler.source>
    <maven.compiler.target>17</maven.compiler.target>
  </properties>

  <dependencies>
    <dependency>
      <groupId>junit</groupId>
      <artifactId>junit</artifactId>
      <version>4.13.2</version>
      <scope>test</scope>
    </dependency>

    <!-- https://mvnrepository.com/artifact/mysql/mysql-connector-java -->
    <dependency>
      <groupId>mysql</groupId>
      <artifactId>mysql-connector-java</artifactId>
      <version>8.0.28</version>
    </dependency>

    <dependency>
      <groupId>com.zaxxer</groupId>
      <artifactId>HikariCP</artifactId>
      <version>5.0.1</version>
    </dependency>
  </dependencies>

  <build>
    <plugins>
      <plugin>
        <groupId>org.apache.maven.plugins</groupId>
        <artifactId>maven-assembly-plugin</artifactId>
        <version>3.3.0</version>
        <configuration>
          <descriptorRefs>
            <descriptorRef>jar-with-dependencies</descriptorRef>
          </descriptorRefs>
          <archive>
            <manifest>
              <mainClass>com.pingcap.txn.TxnExample</mainClass>
            </manifest>
          </archive>

        </configuration>
        <executions>
          <execution>
            <id>make-assembly</id>
            <phase>package</phase>
            <goals>
              <goal>single</goal>
            </goals>
          </execution>
        </executions>
      </plugin>
    </plugins>
  </build>

</project>
```

#### Code

Then write the code:

{{< copyable "" >}}

```java
package com.pingcap.txn;

import com.zaxxer.hikari.HikariDataSource;

import java.math.BigDecimal;
import java.sql.*;
import java.util.Arrays;
import java.util.concurrent.*;

public class TxnExample {
    public static void main(String[] args) throws SQLException, InterruptedException {
        System.out.println(Arrays.toString(args));
        int aliceQuantity = 0;
        int bobQuantity = 0;

        for (String arg: args) {
            if (arg.startsWith("ALICE_NUM")) {
                aliceQuantity = Integer.parseInt(arg.replace("ALICE_NUM=", ""));
            }

            if (arg.startsWith("BOB_NUM")) {
                bobQuantity = Integer.parseInt(arg.replace("BOB_NUM=", ""));
            }
        }

        HikariDataSource ds = new HikariDataSource();
        ds.setJdbcUrl("jdbc:mysql://localhost:4000/bookshop?useServerPrepStmts=true&cachePrepStmts=true");
        ds.setUsername("root");
        ds.setPassword("");

        // prepare data
        Connection connection = ds.getConnection();
        createBook(connection, 1L, "Designing Data-Intensive Application", "Science & Technology",
                Timestamp.valueOf("2018-09-01 00:00:00"), new BigDecimal(100), 10);
        createUser(connection, 1L, "Bob", new BigDecimal(10000));
        createUser(connection, 2L, "Alice", new BigDecimal(10000));

        CountDownLatch countDownLatch = new CountDownLatch(2);
        ExecutorService threadPool = Executors.newFixedThreadPool(2);

        final int finalBobQuantity = bobQuantity;
        threadPool.execute(() -> {
            buy(ds, 1, 1000L, 1L, 1L, finalBobQuantity);
            countDownLatch.countDown();
        });
        final int finalAliceQuantity = aliceQuantity;
        threadPool.execute(() -> {
            buy(ds, 2, 1001L, 1L, 2L, finalAliceQuantity);
            countDownLatch.countDown();
        });

        countDownLatch.await(5, TimeUnit.SECONDS);
    }

    public static void createUser(Connection connection, Long id, String nickname, BigDecimal balance) throws SQLException  {
        PreparedStatement insert = connection.prepareStatement(
                "INSERT INTO `users` (`id`, `nickname`, `balance`) VALUES (?, ?, ?)");
        insert.setLong(1, id);
        insert.setString(2, nickname);
        insert.setBigDecimal(3, balance);
        insert.executeUpdate();
    }

    public static void createBook(Connection connection, Long id, String title, String type, Timestamp publishedAt, BigDecimal price, Integer stock) throws SQLException {
        PreparedStatement insert = connection.prepareStatement(
                "INSERT INTO `books` (`id`, `title`, `type`, `published_at`, `price`, `stock`) values (?, ?, ?, ?, ?, ?)");
        insert.setLong(1, id);
        insert.setString(2, title);
        insert.setString(3, type);
        insert.setTimestamp(4, publishedAt);
        insert.setBigDecimal(5, price);
        insert.setInt(6, stock);

        insert.executeUpdate();
    }

    public static void buy (HikariDataSource ds, Integer threadID,
                            Long orderID, Long bookID, Long userID, Integer quantity) {
        String txnComment = "/* txn " + threadID + " */ ";

        try (Connection connection = ds.getConnection()) {
            try {
                connection.setAutoCommit(false);
                connection.createStatement().executeUpdate(txnComment + "begin pessimistic");

                // waiting for other thread ran the 'begin pessimistic' statement
                TimeUnit.SECONDS.sleep(1);

                BigDecimal price = null;

                // read price of book
                PreparedStatement selectBook = connection.prepareStatement(txnComment + "select price from books where id = ? for update");
                selectBook.setLong(1, bookID);
                ResultSet res = selectBook.executeQuery();
                if (!res.next()) {
                    throw new RuntimeException("book not exist");
                } else {
                    price = res.getBigDecimal("price");
                }

                // update book
                String updateBookSQL = "update `books` set stock = stock - ? where id = ? and stock - ? >= 0";
                PreparedStatement updateBook = connection.prepareStatement(txnComment + updateBookSQL);
                updateBook.setInt(1, quantity);
                updateBook.setLong(2, bookID);
                updateBook.setInt(3, quantity);
                int affectedRows = updateBook.executeUpdate();

                if (affectedRows == 0) {
                    // stock not enough, rollback
                    connection.createStatement().executeUpdate(txnComment + "rollback");
                    return;
                }

                // insert order
                String insertOrderSQL = "insert into `orders` (`id`, `book_id`, `user_id`, `quality`) values (?, ?, ?, ?)";
                PreparedStatement insertOrder = connection.prepareStatement(txnComment + insertOrderSQL);
                insertOrder.setLong(1, orderID);
                insertOrder.setLong(2, bookID);
                insertOrder.setLong(3, userID);
                insertOrder.setInt(4, quantity);
                insertOrder.executeUpdate();

                // update user
                String updateUserSQL = "update `users` set `balance` = `balance` - ? where id = ?";
                PreparedStatement updateUser = connection.prepareStatement(txnComment + updateUserSQL);
                updateUser.setBigDecimal(1, price.multiply(new BigDecimal(quantity)));
                updateUser.setLong(2, userID);
                updateUser.executeUpdate();

                connection.createStatement().executeUpdate(txnComment + "commit");
            } catch (Exception e) {
                connection.createStatement().executeUpdate(txnComment + "rollback");
                e.printStackTrace();
            }
        } catch (SQLException e) {
            e.printStackTrace();
        }
    }
}
```

### 2. Examples that do not involve oversold

Run the sample program:

{{< copyable "shell-regular" >}}

```shell
mvn clean package
java -jar target/plain-java-txn-0.0.1-jar-with-dependencies.jar ALICE_NUM=4 BOB_NUM=6
```

SQL logs:

{{< copyable "sql" >}}

```sql
/* txn 1 */ BEGIN PESSIMISTIC
    /* txn 2 */ BEGIN PESSIMISTIC
    /* txn 2 */ SELECT * FROM `books` WHERE `id` = 1 FOR UPDATE
    /* txn 2 */ UPDATE `books` SET `stock` = `stock` - 4 WHERE `id` = 1 AND `stock` - 4 >= 0
    /* txn 2 */ INSERT INTO `orders` (`id`, `book_id`, `user_id`, `quality`) VALUES (1001, 1, 1, 4)
    /* txn 2 */ UPDATE `users` SET `balance` = `balance` - 400.0 WHERE `id` = 2
    /* txn 2 */ COMMIT
/* txn 1 */ SELECT * FROM `books` WHERE `id` = 1 FOR UPDATE
/* txn 1 */ UPDATE `books` SET `stock` = `stock` - 6 WHERE `id` = 1 AND `stock` - 6 >= 0
/* txn 1 */ INSERT INTO `orders` (`id`, `book_id`, `user_id`, `quality`) VALUES (1000, 1, 1, 6)
/* txn 1 */ UPDATE `users` SET `balance` = `balance` - 600.0 WHERE `id` = 1
/* txn 1 */ COMMIT
```

Finally, we check that the order creation, user balance deduction, and book inventory deduction are all in line with expectations.

```sql
mysql> SELECT * FROM `books`;
+----+--------------------------------------+----------------------+---------------------+-------+--------+
| id | title                                | type                 | published_at        | stock | price  |
+----+--------------------------------------+----------------------+---------------------+-------+--------+
|  1 | Designing Data-Intensive Application | Science & Technology | 2018-09-01 00:00:00 |     0 | 100.00 |
+----+--------------------------------------+----------------------+---------------------+-------+--------+
1 row in set (0.00 sec)

mysql> SELECT * FROM orders;
+------+---------+---------+---------+---------------------+
| id   | book_id | user_id | quality | ordered_at          |
+------+---------+---------+---------+---------------------+
| 1000 |       1 |       1 |       6 | 2022-04-19 10:58:12 |
| 1001 |       1 |       1 |       4 | 2022-04-19 10:58:11 |
+------+---------+---------+---------+---------------------+
2 rows in set (0.01 sec)

mysql> SELECT * FROM users;
+----+---------+----------+
| id | balance | nickname |
+----+---------+----------+
|  1 | 9400.00 | Bob      |
|  2 | 9600.00 | Alice    |
+----+---------+----------+
2 rows in set (0.00 sec)
```

### 3. Examples of preventing oversold

The difficulty can be increased. If there are 10 books left in stock, Bob buys 7 books, Alice buys 4 books, and the two place orders almost at the same time. What will happen? We continue to reuse the code from the previous example to solve this requirement, but change Bob's purchase quantity from 6 to 7:

Run the sample program:

{{< copyable "shell-regular" >}}

```shell
mvn clean package
java -jar target/plain-java-txn-0.0.1-jar-with-dependencies.jar ALICE_NUM=4 BOB_NUM=7
```

{{< copyable "sql" >}}

```sql
/* txn 1 */ BEGIN PESSIMISTIC
    /* txn 2 */ BEGIN PESSIMISTIC
    /* txn 2 */ SELECT * FROM `books` WHERE `id` = 1 FOR UPDATE
    /* txn 2 */ UPDATE `books` SET `stock` = `stock` - 4 WHERE `id` = 1 AND `stock` - 4 >= 0
    /* txn 2 */ INSERT INTO `orders` (`id`, `book_id`, `user_id`, `quality`) values (1001, 1, 1, 4)
    /* txn 2 */ UPDATE `users` SET `balance` = `balance` - 400.0 WHERE `id` = 2
    /* txn 2 */ COMMIT
/* txn 1 */ SELECT * FROM `books` WHERE `id` = 1 FOR UPDATE
/* txn 1 */ UPDATE `books` SET `stock` = `stock` - 7 WHERE `id` = 1 AND `stock` - 7 >= 0
/* txn 1 */ ROLLBACK
```

Since `txn 2` preemptively obtained the lock resource and updated the stock, the return value of `affected_rows` in `txn 1` was 0, and the `rollback` process was entered.

Let's check the order creation, user balance deduction, and book inventory deduction. Alice successfully ordered 4 books, Bob failed to order 7 books, and the remaining 6 books in stock met expectations.

```sql
mysql> SELECT * FROM books;
+----+--------------------------------------+----------------------+---------------------+-------+--------+
| id | title                                | type                 | published_at        | stock | price  |
+----+--------------------------------------+----------------------+---------------------+-------+--------+
|  1 | Designing Data-Intensive Application | Science & Technology | 2018-09-01 00:00:00 |     6 | 100.00 |
+----+--------------------------------------+----------------------+---------------------+-------+--------+
1 row in set (0.00 sec)

mysql> SELECT * FROM orders;
+------+---------+---------+---------+---------------------+
| id   | book_id | user_id | quality | ordered_at          |
+------+---------+---------+---------+---------------------+
| 1001 |       1 |       1 |       4 | 2022-04-19 11:03:03 |
+------+---------+---------+---------+---------------------+
1 row in set (0.00 sec)

mysql> SELECT * FROM users;
+----+----------+----------+
| id | balance  | nickname |
+----+----------+----------+
|  1 | 10000.00 | Bob      |
|  2 |  9600.00 | Alice    |
+----+----------+----------+
2 rows in set (0.01 sec)
```

## Optimistic transactions

The following code uses two threads to simulate the process of two users buying the same book in an optimistic transaction, just like the pessimistic transaction example. There are 10 books left in the bookstore, Bob buys 6 and Alice buys 4. The two completed the order at about the same time, and in the end, the book had zero remaining inventory.

### 1. Optimistic transaction example

#### Code writing

{{< copyable "" >}}

```java
package com.pingcap.txn.optimistic;

import com.zaxxer.hikari.HikariDataSource;

import java.math.BigDecimal;
import java.sql.*;
import java.util.Arrays;
import java.util.concurrent.*;

public class TxnExample {
    public static void main(String[] args) throws SQLException, InterruptedException {
        System.out.println(Arrays.toString(args));
        int aliceQuantity = 0;
        int bobQuantity = 0;

        for (String arg: args) {
            if (arg.startsWith("ALICE_NUM")) {
                aliceQuantity = Integer.parseInt(arg.replace("ALICE_NUM=", ""));
            }

            if (arg.startsWith("BOB_NUM")) {
                bobQuantity = Integer.parseInt(arg.replace("BOB_NUM=", ""));
            }
        }

        HikariDataSource ds = new HikariDataSource();
        ds.setJdbcUrl("jdbc:mysql://localhost:4000/bookshop?useServerPrepStmts=true&cachePrepStmts=true");
        ds.setUsername("root");
        ds.setPassword("");

        // prepare data
        Connection connection = ds.getConnection();
        createBook(connection, 1L, "Designing Data-Intensive Application", "Science & Technology",
                Timestamp.valueOf("2018-09-01 00:00:00"), new BigDecimal(100), 10);
        createUser(connection, 1L, "Bob", new BigDecimal(10000));
        createUser(connection, 2L, "Alice", new BigDecimal(10000));

        CountDownLatch countDownLatch = new CountDownLatch(2);
        ExecutorService threadPool = Executors.newFixedThreadPool(2);

        final int finalBobQuantity = bobQuantity;
        threadPool.execute(() -> {
            buy(ds, 1, 1000L, 1L, 1L, finalBobQuantity, 5);
            countDownLatch.countDown();
        });
        final int finalAliceQuantity = aliceQuantity;
        threadPool.execute(() -> {
            buy(ds, 2, 1001L, 1L, 2L, finalAliceQuantity, 5);
            countDownLatch.countDown();
        });

        countDownLatch.await(5, TimeUnit.SECONDS);
    }

    public static void createUser(Connection connection, Long id, String nickname, BigDecimal balance) throws SQLException  {
        PreparedStatement insert = connection.prepareStatement(
                "INSERT INTO `users` (`id`, `nickname`, `balance`) VALUES (?, ?, ?)");
        insert.setLong(1, id);
        insert.setString(2, nickname);
        insert.setBigDecimal(3, balance);
        insert.executeUpdate();
    }

    public static void createBook(Connection connection, Long id, String title, String type, Timestamp publishedAt, BigDecimal price, Integer stock) throws SQLException {
        PreparedStatement insert = connection.prepareStatement(
                "INSERT INTO `books` (`id`, `title`, `type`, `published_at`, `price`, `stock`) values (?, ?, ?, ?, ?, ?)");
        insert.setLong(1, id);
        insert.setString(2, title);
        insert.setString(3, type);
        insert.setTimestamp(4, publishedAt);
        insert.setBigDecimal(5, price);
        insert.setInt(6, stock);

        insert.executeUpdate();
    }

    public static void buy (HikariDataSource ds, Integer threadID, Long orderID, Long bookID,
                            Long userID, Integer quantity, Integer retryTimes) {
        String txnComment = "/* txn " + threadID + " */ ";

        try (Connection connection = ds.getConnection()) {
            try {

                connection.setAutoCommit(false);
                connection.createStatement().executeUpdate(txnComment + "begin optimistic");

                // waiting for other thread ran the 'begin optimistic' statement
                TimeUnit.SECONDS.sleep(1);

                BigDecimal price = null;

                // read price of book
                PreparedStatement selectBook = connection.prepareStatement(txnComment + "SELECT * FROM books where id = ? for update");
                selectBook.setLong(1, bookID);
                ResultSet res = selectBook.executeQuery();
                if (!res.next()) {
                    throw new RuntimeException("book not exist");
                } else {
                    price = res.getBigDecimal("price");
                    int stock = res.getInt("stock");
                    if (stock < quantity) {
                        throw new RuntimeException("book not enough");
                    }
                }

                // update book
                String updateBookSQL = "update `books` set stock = stock - ? where id = ? and stock - ? >= 0";
                PreparedStatement updateBook = connection.prepareStatement(txnComment + updateBookSQL);
                updateBook.setInt(1, quantity);
                updateBook.setLong(2, bookID);
                updateBook.setInt(3, quantity);
                updateBook.executeUpdate();

                // insert order
                String insertOrderSQL = "insert into `orders` (`id`, `book_id`, `user_id`, `quality`) values (?, ?, ?, ?)";
                PreparedStatement insertOrder = connection.prepareStatement(txnComment + insertOrderSQL);
                insertOrder.setLong(1, orderID);
                insertOrder.setLong(2, bookID);
                insertOrder.setLong(3, userID);
                insertOrder.setInt(4, quantity);
                insertOrder.executeUpdate();

                // update user
                String updateUserSQL = "update `users` set `balance` = `balance` - ? where id = ?";
                PreparedStatement updateUser = connection.prepareStatement(txnComment + updateUserSQL);
                updateUser.setBigDecimal(1, price.multiply(new BigDecimal(quantity)));
                updateUser.setLong(2, userID);
                updateUser.executeUpdate();

                connection.createStatement().executeUpdate(txnComment + "commit");
            } catch (Exception e) {
                connection.createStatement().executeUpdate(txnComment + "rollback");
                System.out.println("error occurred: " + e.getMessage());

                if (e instanceof SQLException sqlException) {
                    switch (sqlException.getErrorCode()) {
                        // You can get all error codes at https://docs.pingcap.com/tidb/stable/error-codes
                        case 9007: // Transactions in TiKV encounter write conflicts.
                        case 8028: // table schema changes
                        case 8002: // "SELECT FOR UPDATE" commit conflict
                        case 8022: // The transaction commit fails and has been rolled back
                            if (retryTimes != 0) {
                                System.out.println("rest " + retryTimes + " times. retry for " + e.getMessage());
                                buy(ds, threadID, orderID, bookID, userID, quantity, retryTimes - 1);
                            }
                    }
                }
            }
        } catch (SQLException e) {
            e.printStackTrace();
        }
    }
}
```

#### Configuration changes

Here, the startup class in `pom.xml` needs to be

{{< copyable "" >}}
    
```xml
<mainClass>com.pingcap.txn.TxnExample</mainClass>
```

changed toï¼š

{{< copyable "" >}}

```xml
<mainClass>com.pingcap.txn.optimistic.TxnExample</mainClass>
```

to point to the optimistic transaction example.

### 2. Examples that do not involve oversold

Run the sample program:

{{< copyable "shell-regular" >}}

```shell
mvn clean package
java -jar target/plain-java-txn-0.0.1-jar-with-dependencies.jar ALICE_NUM=4 BOB_NUM=6
```

SQL statement execution process:

{{< copyable "sql" >}}

```sql
    /* txn 2 */ BEGIN OPTIMISTIC
/* txn 1 */ BEGIN OPTIMISTIC
    /* txn 2 */ SELECT * FROM `books` WHERE `id` = 1 FOR UPDATE
    /* txn 2 */ UPDATE `books` SET `stock` = `stock` - 4 WHERE `id` = 1 AND `stock` - 4 >= 0
    /* txn 2 */ INSERT INTO `orders` (`id`, `book_id`, `user_id`, `quality`) VALUES (1001, 1, 1, 4)
    /* txn 2 */ UPDATE `users` SET `balance` = `balance` - 400.0 WHERE `id` = 2
    /* txn 2 */ COMMIT
/* txn 1 */ SELECT * FROM `books` WHERE `id` = 1 for UPDATE
/* txn 1 */ UPDATE `books` SET `stock` = `stock` - 6 WHERE `id` = 1 AND `stock` - 6 >= 0
/* txn 1 */ INSERT INTO `orders` (`id`, `book_id`, `user_id`, `quality`) VALUES (1000, 1, 1, 6)
/* txn 1 */ UPDATE `users` SET `balance` = `balance` - 600.0 WHERE `id` = 1
retry 1 times for 9007 Write conflict, txnStartTS=432618733006225412, conflictStartTS=432618733006225411, conflictCommitTS=432618733006225414, key={tableID=126, handle=1} primary={tableID=114, indexID=1, indexValues={1, 1000, }} [try again later]
/* txn 1 */ BEGIN OPTIMISTIC
/* txn 1 */ SELECT * FROM `books` WHERE `id` = 1 FOR UPDATE
/* txn 1 */ UPDATE `books` SET `stock` = `stock` - 6 WHERE `id` = 1 AND `stock` - 6 >= 0
/* txn 1 */ INSERT INTO `orders` (`id`, `book_id`, `user_id`, `quality`) VALUES (1000, 1, 1, 6)
/* txn 1 */ UPDATE `users` SET `balance` = `balance` - 600.0 WHERE `id` = 1
/* txn 1 */ COMMIT
```

In optimistic transaction mode, because the intermediate state is not necessarily correct, it is not possible to judge whether a statement is successfully executed through `affected_rows` like in pessimistic transaction mode. We need to regard the transaction as a whole, and judge whether the current transaction has a write conflict by whether the final COMMIT statement returns an exception.

As can be seen from the above SQL log, because two transactions are executed concurrently and the same record is modified, a `9007 Write conflict` exception is thrown after `txn 1` COMMIT. For optimistic transaction write conflicts, you can safely retry on the application side. After one retry, the submission is successful, and the final execution result is as expected:

```sql
mysql> SELECT * FROM books;
+----+--------------------------------------+----------------------+---------------------+-------+--------+
| id | title                                | type                 | published_at        | stock | price  |
+----+--------------------------------------+----------------------+---------------------+-------+--------+
|  1 | Designing Data-Intensive Application | Science & Technology | 2018-09-01 00:00:00 |     0 | 100.00 |
+----+--------------------------------------+----------------------+---------------------+-------+--------+
1 row in set (0.01 sec)

mysql> SELECT * FROM orders;
+------+---------+---------+---------+---------------------+
| id   | book_id | user_id | quality | ordered_at          |
+------+---------+---------+---------+---------------------+
| 1000 |       1 |       1 |       6 | 2022-04-19 03:18:19 |
| 1001 |       1 |       1 |       4 | 2022-04-19 03:18:17 |
+------+---------+---------+---------+---------------------+
2 rows in set (0.01 sec)

mysql> SELECT * FROM users;
+----+---------+----------+
| id | balance | nickname |
+----+---------+----------+
|  1 | 9400.00 | Bob      |
|  2 | 9600.00 | Alice    |
+----+---------+----------+
2 rows in set (0.00 sec)
```

### 3. Example of preventing oversold

Let's look at the example of using optimistic transactions to prevent overselling. If there are 10 books left in inventory, Bob buys 7 books, Alice buys 4 books, and the two place orders almost at the same time. What will happen? We continue to reuse the code from the optimistic transaction example to address this requirement, but change Bob's purchases from 6 to 7:

Run the sample program:

{{< copyable "shell-regular" >}}

```shell
mvn clean package
java -jar target/plain-java-txn-0.0.1-jar-with-dependencies.jar ALICE_NUM=4 BOB_NUM=7
```

{{< copyable "sql" >}}

```sql
/* txn 1 */ BEGIN OPTIMISTIC
    /* txn 2 */ BEGIN OPTIMISTIC
    /* txn 2 */ SELECT * FROM `books` WHERE `id` = 1 FOR UPDATE
    /* txn 2 */ UPDATE `books` SET `stock` = `stock` - 4 WHERE `id` = 1 AND `stock` - 4 >= 0
    /* txn 2 */ INSERT INTO `orders` (`id`, `book_id`, `user_id`, `quality`) VALUES (1001, 1, 1, 4)
    /* txn 2 */ UPDATE `users` SET `balance` = `balance` - 400.0 WHERE `id` = 2
    /* txn 2 */ COMMIT
/* txn 1 */ SELECT * FROM `books` WHERE `id` = 1 FOR UPDATE
/* txn 1 */ UPDATE `books` SET `stock` = `stock` - 7 WHERE `id` = 1 AND `stock` - 7 >= 0
/* txn 1 */ INSERT INTO `orders` (`id`, `book_id`, `user_id`, `quality`) VALUES (1000, 1, 1, 7)
/* txn 1 */ UPDATE `users` SET `balance` = `balance` - 700.0 WHERE `id` = 1
retry 1 times for 9007 Write conflict, txnStartTS=432619094333980675, conflictStartTS=432619094333980676, conflictCommitTS=432619094333980678, key={tableID=126, handle=1} primary={tableID=114, indexID=1, indexValues={1, 1000, }} [try again later]
/* txn 1 */ BEGIN OPTIMISTIC
/* txn 1 */ SELECT * FROM `books` WHERE `id` = 1 FOR UPDATE
Fail -> out of stock
/* txn 1 */ ROLLBACK
```

It can be seen from the above SQL log that `txn 1` is retried on the application side due to a write conflict in the first execution. From the comparison of the latest snapshot obtained, it is found that the remaining stock is not enough, and the application side throws `out of stock`, and ends abnormally.

```sql
mysql> SELECT * FROM books;
+----+--------------------------------------+----------------------+---------------------+-------+--------+
| id | title                                | type                 | published_at        | stock | price  |
+----+--------------------------------------+----------------------+---------------------+-------+--------+
|  1 | Designing Data-Intensive Application | Science & Technology | 2018-09-01 00:00:00 |     6 | 100.00 |
+----+--------------------------------------+----------------------+---------------------+-------+--------+
1 row in set (0.00 sec)

mysql> SELECT * FROM orders;
+------+---------+---------+---------+---------------------+
| id   | book_id | user_id | quality | ordered_at          |
+------+---------+---------+---------+---------------------+
| 1001 |       1 |       1 |       4 | 2022-04-19 03:41:16 |
+------+---------+---------+---------+---------------------+
1 row in set (0.00 sec)

mysql> SELECT * FROM users;
+----+----------+----------+
| id | balance  | nickname |
+----+----------+----------+
|  1 | 10000.00 | Bob      |
|  2 |  9600.00 | Alice    |
+----+----------+----------+
2 rows in set (0.00 sec)
```