---
title: Optimistic transaction and pessimistic transaction
summary: Learn about optimistic and pessimistic transactions in TiDB.
---

# 楽観的な取引と悲観的な取引 {#optimistic-transactions-and-pessimistic-transactions}

[楽観的なトランザクション](/optimistic-transaction.md)モデルはトランザクションを直接コミットし、競合が発生するとロールバックします。対照的に、 [悲観的な取引](/pessimistic-transaction.md)モデルは、実際にトランザクションをコミットする前に変更が必要なリソースをロックしようとし、トランザクションが正常に実行できることを確認した後にのみコミットを開始します。

直接コミットは成功する可能性が高いため、楽観的なトランザクションモデルは競合率が低いシナリオに適しています。ただし、トランザクションの競合が発生すると、ロールバックのコストは比較的高くなります。

悲観的なトランザクションモデルの利点は、競合率が高いシナリオの場合、先にロックするコストが後のロールバックのコストよりも少ないことです。さらに、競合が原因で複数の同時トランザクションがコミットできないという問題を解決できます。ただし、競合率が低いシナリオでは、悲観的なトランザクションモデルは楽観的なトランザクションモデルほど効率的ではありません。

悲観的なトランザクションモデルは、アプリケーション側でより直感的で簡単に実装できます。楽観的なトランザクションモデルには、複雑なアプリケーション側の再試行メカニズムが必要です。

以下は[書店](/develop/dev-guide-bookshop-schema-design.md)の例です。本を購入する例を使用して、楽観的および悲観的な取引の長所と短所を示します。本を購入するプロセスは、主に次のもので構成されています。

1.  在庫数量を更新します
2.  注文を作成する
3.  支払いをする

これらの操作は、すべて成功するか、すべて失敗する必要があります。同時トランザクションの場合にオーバーセルが発生しないようにする必要があります。

## 悲観的なトランザクション {#pessimistic-transactions}

次のコードは、2つのスレッドを使用して、2人のユーザーが悲観的なトランザクションモードで同じ本を購入するプロセスをシミュレートします。書店には10冊の本が残っています。ボブは6冊の本を購入し、アリスは4冊の本を購入します。彼らはほぼ同時に注文を完了します。その結果、在庫のある本はすべて売り切れました。

複数のスレッドを使用して、複数のユーザーが同時にデータを挿入する状況をシミュレートするため、安全なスレッドを持つ接続オブジェクトを使用する必要があります。ここでは、Javaで人気のある接続プール[HikariCP](https://github.com/brettwooldridge/HikariCP)をデモに使用します。

### 悲観的なトランザクションの例を書く {#write-a-pessimistic-transaction-example}

#### Configuration / コンフィグレーションファイル {#configuration-file}

Mavenを使用してパッケージを管理する場合は、 `pom.xml`の`<dependencies>`ノードで、次の依存関係を追加して`HikariCP`をインポートし、パッケージターゲットとJARパッケージスタートアップのメインクラスを設定します。以下は`pom.xml`の例です。

{{< copyable "" >}}

```xml
<?xml version="1.0" encoding="UTF-8"?>

<project xmlns="http://maven.apache.org/POM/4.0.0" xmlns:xsi="http://www.w3.org/2001/XMLSchema-instance"
  xsi:schemaLocation="http://maven.apache.org/POM/4.0.0 http://maven.apache.org/xsd/maven-4.0.0.xsd">
  <modelVersion>4.0.0</modelVersion>

  <groupId>com.pingcap</groupId>
  <artifactId>plain-java-txn</artifactId>
  <version>0.0.1</version>

  <name>plain-java-jdbc</name>

  <properties>
    <project.build.sourceEncoding>UTF-8</project.build.sourceEncoding>
    <maven.compiler.source>17</maven.compiler.source>
    <maven.compiler.target>17</maven.compiler.target>
  </properties>

  <dependencies>
    <dependency>
      <groupId>junit</groupId>
      <artifactId>junit</artifactId>
      <version>4.13.2</version>
      <scope>test</scope>
    </dependency>

    <!-- https://mvnrepository.com/artifact/mysql/mysql-connector-java -->
    <dependency>
      <groupId>mysql</groupId>
      <artifactId>mysql-connector-java</artifactId>
      <version>8.0.28</version>
    </dependency>

    <dependency>
      <groupId>com.zaxxer</groupId>
      <artifactId>HikariCP</artifactId>
      <version>5.0.1</version>
    </dependency>
  </dependencies>

  <build>
    <plugins>
      <plugin>
        <groupId>org.apache.maven.plugins</groupId>
        <artifactId>maven-assembly-plugin</artifactId>
        <version>3.3.0</version>
        <configuration>
          <descriptorRefs>
            <descriptorRef>jar-with-dependencies</descriptorRef>
          </descriptorRefs>
          <archive>
            <manifest>
              <mainClass>com.pingcap.txn.TxnExample</mainClass>
            </manifest>
          </archive>

        </configuration>
        <executions>
          <execution>
            <id>make-assembly</id>
            <phase>package</phase>
            <goals>
              <goal>single</goal>
            </goals>
          </execution>
        </executions>
      </plugin>
    </plugins>
  </build>

</project>
```

#### コーディング {#coding}

次に、コードを記述します。

{{< copyable "" >}}

```java
package com.pingcap.txn;

import com.zaxxer.hikari.HikariDataSource;

import java.math.BigDecimal;
import java.sql.*;
import java.util.Arrays;
import java.util.concurrent.*;

public class TxnExample {
    public static void main(String[] args) throws SQLException, InterruptedException {
        System.out.println(Arrays.toString(args));
        int aliceQuantity = 0;
        int bobQuantity = 0;

        for (String arg: args) {
            if (arg.startsWith("ALICE_NUM")) {
                aliceQuantity = Integer.parseInt(arg.replace("ALICE_NUM=", ""));
            }

            if (arg.startsWith("BOB_NUM")) {
                bobQuantity = Integer.parseInt(arg.replace("BOB_NUM=", ""));
            }
        }

        HikariDataSource ds = new HikariDataSource();
        ds.setJdbcUrl("jdbc:mysql://localhost:4000/bookshop?useServerPrepStmts=true&cachePrepStmts=true");
        ds.setUsername("root");
        ds.setPassword("");

        // prepare data
        Connection connection = ds.getConnection();
        createBook(connection, 1L, "Designing Data-Intensive Application", "Science & Technology",
                Timestamp.valueOf("2018-09-01 00:00:00"), new BigDecimal(100), 10);
        createUser(connection, 1L, "Bob", new BigDecimal(10000));
        createUser(connection, 2L, "Alice", new BigDecimal(10000));

        CountDownLatch countDownLatch = new CountDownLatch(2);
        ExecutorService threadPool = Executors.newFixedThreadPool(2);

        final int finalBobQuantity = bobQuantity;
        threadPool.execute(() -> {
            buy(ds, 1, 1000L, 1L, 1L, finalBobQuantity);
            countDownLatch.countDown();
        });
        final int finalAliceQuantity = aliceQuantity;
        threadPool.execute(() -> {
            buy(ds, 2, 1001L, 1L, 2L, finalAliceQuantity);
            countDownLatch.countDown();
        });

        countDownLatch.await(5, TimeUnit.SECONDS);
    }

    public static void createUser(Connection connection, Long id, String nickname, BigDecimal balance) throws SQLException  {
        PreparedStatement insert = connection.prepareStatement(
                "INSERT INTO `users` (`id`, `nickname`, `balance`) VALUES (?, ?, ?)");
        insert.setLong(1, id);
        insert.setString(2, nickname);
        insert.setBigDecimal(3, balance);
        insert.executeUpdate();
    }

    public static void createBook(Connection connection, Long id, String title, String type, Timestamp publishedAt, BigDecimal price, Integer stock) throws SQLException {
        PreparedStatement insert = connection.prepareStatement(
                "INSERT INTO `books` (`id`, `title`, `type`, `published_at`, `price`, `stock`) values (?, ?, ?, ?, ?, ?)");
        insert.setLong(1, id);
        insert.setString(2, title);
        insert.setString(3, type);
        insert.setTimestamp(4, publishedAt);
        insert.setBigDecimal(5, price);
        insert.setInt(6, stock);

        insert.executeUpdate();
    }

    public static void buy (HikariDataSource ds, Integer threadID,
                            Long orderID, Long bookID, Long userID, Integer quantity) {
        String txnComment = "/* txn " + threadID + " */ ";

        try (Connection connection = ds.getConnection()) {
            try {
                connection.setAutoCommit(false);
                connection.createStatement().executeUpdate(txnComment + "begin pessimistic");

                // waiting for other thread ran the 'begin pessimistic' statement
                TimeUnit.SECONDS.sleep(1);

                BigDecimal price = null;

                // read price of book
                PreparedStatement selectBook = connection.prepareStatement(txnComment + "select price from books where id = ? for update");
                selectBook.setLong(1, bookID);
                ResultSet res = selectBook.executeQuery();
                if (!res.next()) {
                    throw new RuntimeException("book not exist");
                } else {
                    price = res.getBigDecimal("price");
                }

                // update book
                String updateBookSQL = "update `books` set stock = stock - ? where id = ? and stock - ? >= 0";
                PreparedStatement updateBook = connection.prepareStatement(txnComment + updateBookSQL);
                updateBook.setInt(1, quantity);
                updateBook.setLong(2, bookID);
                updateBook.setInt(3, quantity);
                int affectedRows = updateBook.executeUpdate();

                if (affectedRows == 0) {
                    // stock not enough, rollback
                    connection.createStatement().executeUpdate(txnComment + "rollback");
                    return;
                }

                // insert order
                String insertOrderSQL = "insert into `orders` (`id`, `book_id`, `user_id`, `quality`) values (?, ?, ?, ?)";
                PreparedStatement insertOrder = connection.prepareStatement(txnComment + insertOrderSQL);
                insertOrder.setLong(1, orderID);
                insertOrder.setLong(2, bookID);
                insertOrder.setLong(3, userID);
                insertOrder.setInt(4, quantity);
                insertOrder.executeUpdate();

                // update user
                String updateUserSQL = "update `users` set `balance` = `balance` - ? where id = ?";
                PreparedStatement updateUser = connection.prepareStatement(txnComment + updateUserSQL);
                updateUser.setBigDecimal(1, price.multiply(new BigDecimal(quantity)));
                updateUser.setLong(2, userID);
                updateUser.executeUpdate();

                connection.createStatement().executeUpdate(txnComment + "commit");
            } catch (Exception e) {
                connection.createStatement().executeUpdate(txnComment + "rollback");
                e.printStackTrace();
            }
        } catch (SQLException e) {
            e.printStackTrace();
        }
    }
}
```

### 売り過ぎを伴わない例 {#an-example-that-does-not-involve-overselling}

サンプルプログラムを実行します。

{{< copyable "" >}}

```shell
mvn clean package
java -jar target/plain-java-txn-0.0.1-jar-with-dependencies.jar ALICE_NUM=4 BOB_NUM=6
```

SQLログ：

{{< copyable "" >}}

```sql
/* txn 1 */ BEGIN PESSIMISTIC
    /* txn 2 */ BEGIN PESSIMISTIC
    /* txn 2 */ SELECT * FROM `books` WHERE `id` = 1 FOR UPDATE
    /* txn 2 */ UPDATE `books` SET `stock` = `stock` - 4 WHERE `id` = 1 AND `stock` - 4 >= 0
    /* txn 2 */ INSERT INTO `orders` (`id`, `book_id`, `user_id`, `quality`) VALUES (1001, 1, 1, 4)
    /* txn 2 */ UPDATE `users` SET `balance` = `balance` - 400.0 WHERE `id` = 2
    /* txn 2 */ COMMIT
/* txn 1 */ SELECT * FROM `books` WHERE `id` = 1 FOR UPDATE
/* txn 1 */ UPDATE `books` SET `stock` = `stock` - 6 WHERE `id` = 1 AND `stock` - 6 >= 0
/* txn 1 */ INSERT INTO `orders` (`id`, `book_id`, `user_id`, `quality`) VALUES (1000, 1, 1, 6)
/* txn 1 */ UPDATE `users` SET `balance` = `balance` - 600.0 WHERE `id` = 1
/* txn 1 */ COMMIT
```

最後に、注文が作成され、ユーザー残高が差し引かれ、書籍の在庫が期待どおりに差し引かれていることを確認します。

```sql
mysql> SELECT * FROM `books`;
+----+--------------------------------------+----------------------+---------------------+-------+--------+
| id | title                                | type                 | published_at        | stock | price  |
+----+--------------------------------------+----------------------+---------------------+-------+--------+
|  1 | Designing Data-Intensive Application | Science & Technology | 2018-09-01 00:00:00 |     0 | 100.00 |
+----+--------------------------------------+----------------------+---------------------+-------+--------+
1 row in set (0.00 sec)

mysql> SELECT * FROM orders;
+------+---------+---------+---------+---------------------+
| id   | book_id | user_id | quality | ordered_at          |
+------+---------+---------+---------+---------------------+
| 1000 |       1 |       1 |       6 | 2022-04-19 10:58:12 |
| 1001 |       1 |       1 |       4 | 2022-04-19 10:58:11 |
+------+---------+---------+---------+---------------------+
2 rows in set (0.01 sec)

mysql> SELECT * FROM users;
+----+---------+----------+
| id | balance | nickname |
+----+---------+----------+
|  1 | 9400.00 | Bob      |
|  2 | 9600.00 | Alice    |
+----+---------+----------+
2 rows in set (0.00 sec)
```

### 売り過ぎを防ぐ例 {#an-example-that-prevents-overselling}

この例のタスクはより困難です。在庫が10冊残っているとします。ボブは7冊の本を購入し、アリスは4冊の本を購入し、ほぼ同時に注文します。何が起こるか？前の例のコードを再利用してこの課題を解決し、ボブの購入数量を6から7に変更できます。

サンプルプログラムを実行します。

{{< copyable "" >}}

```shell
mvn clean package
java -jar target/plain-java-txn-0.0.1-jar-with-dependencies.jar ALICE_NUM=4 BOB_NUM=7
```

{{< copyable "" >}}

```sql
/* txn 1 */ BEGIN PESSIMISTIC
    /* txn 2 */ BEGIN PESSIMISTIC
    /* txn 2 */ SELECT * FROM `books` WHERE `id` = 1 FOR UPDATE
    /* txn 2 */ UPDATE `books` SET `stock` = `stock` - 4 WHERE `id` = 1 AND `stock` - 4 >= 0
    /* txn 2 */ INSERT INTO `orders` (`id`, `book_id`, `user_id`, `quality`) values (1001, 1, 1, 4)
    /* txn 2 */ UPDATE `users` SET `balance` = `balance` - 400.0 WHERE `id` = 2
    /* txn 2 */ COMMIT
/* txn 1 */ SELECT * FROM `books` WHERE `id` = 1 FOR UPDATE
/* txn 1 */ UPDATE `books` SET `stock` = `stock` - 7 WHERE `id` = 1 AND `stock` - 7 >= 0
/* txn 1 */ ROLLBACK
```

`txn 2`は先制的にロックリソースを取得して在庫を更新するため、 `txn 1`の`affected_rows`の戻り値は0であり、 `rollback`プロセスに入ります。

注文の作成、ユーザー残高の控除、および本の在庫の控除を確認しましょう。アリスは4冊の本の注文に成功し、ボブは7冊の本の注文に失敗し、残りの6冊は予想どおり在庫があります。

```sql
mysql> SELECT * FROM books;
+----+--------------------------------------+----------------------+---------------------+-------+--------+
| id | title                                | type                 | published_at        | stock | price  |
+----+--------------------------------------+----------------------+---------------------+-------+--------+
|  1 | Designing Data-Intensive Application | Science & Technology | 2018-09-01 00:00:00 |     6 | 100.00 |
+----+--------------------------------------+----------------------+---------------------+-------+--------+
1 row in set (0.00 sec)

mysql> SELECT * FROM orders;
+------+---------+---------+---------+---------------------+
| id   | book_id | user_id | quality | ordered_at          |
+------+---------+---------+---------+---------------------+
| 1001 |       1 |       1 |       4 | 2022-04-19 11:03:03 |
+------+---------+---------+---------+---------------------+
1 row in set (0.00 sec)

mysql> SELECT * FROM users;
+----+----------+----------+
| id | balance  | nickname |
+----+----------+----------+
|  1 | 10000.00 | Bob      |
|  2 |  9600.00 | Alice    |
+----+----------+----------+
2 rows in set (0.01 sec)
```

## 楽観的な取引 {#optimistic-transactions}

次のコードは、2つのスレッドを使用して、悲観的なトランザクションの例のように、2人のユーザーが楽観的なトランザクションで同じ本を購入するプロセスをシミュレートします。在庫は10冊残っています。ボブは6を購入し、アリスは4を購入します。彼らはほぼ同時に注文を完了します。結局、本は在庫に残っていません。

### 楽観的な取引例を書く {#write-an-optimistic-transaction-example}

#### コーディング {#coding}

{{< copyable "" >}}

```java
package com.pingcap.txn.optimistic;

import com.zaxxer.hikari.HikariDataSource;

import java.math.BigDecimal;
import java.sql.*;
import java.util.Arrays;
import java.util.concurrent.*;

public class TxnExample {
    public static void main(String[] args) throws SQLException, InterruptedException {
        System.out.println(Arrays.toString(args));
        int aliceQuantity = 0;
        int bobQuantity = 0;

        for (String arg: args) {
            if (arg.startsWith("ALICE_NUM")) {
                aliceQuantity = Integer.parseInt(arg.replace("ALICE_NUM=", ""));
            }

            if (arg.startsWith("BOB_NUM")) {
                bobQuantity = Integer.parseInt(arg.replace("BOB_NUM=", ""));
            }
        }

        HikariDataSource ds = new HikariDataSource();
        ds.setJdbcUrl("jdbc:mysql://localhost:4000/bookshop?useServerPrepStmts=true&cachePrepStmts=true");
        ds.setUsername("root");
        ds.setPassword("");

        // prepare data
        Connection connection = ds.getConnection();
        createBook(connection, 1L, "Designing Data-Intensive Application", "Science & Technology",
                Timestamp.valueOf("2018-09-01 00:00:00"), new BigDecimal(100), 10);
        createUser(connection, 1L, "Bob", new BigDecimal(10000));
        createUser(connection, 2L, "Alice", new BigDecimal(10000));

        CountDownLatch countDownLatch = new CountDownLatch(2);
        ExecutorService threadPool = Executors.newFixedThreadPool(2);

        final int finalBobQuantity = bobQuantity;
        threadPool.execute(() -> {
            buy(ds, 1, 1000L, 1L, 1L, finalBobQuantity, 5);
            countDownLatch.countDown();
        });
        final int finalAliceQuantity = aliceQuantity;
        threadPool.execute(() -> {
            buy(ds, 2, 1001L, 1L, 2L, finalAliceQuantity, 5);
            countDownLatch.countDown();
        });

        countDownLatch.await(5, TimeUnit.SECONDS);
    }

    public static void createUser(Connection connection, Long id, String nickname, BigDecimal balance) throws SQLException  {
        PreparedStatement insert = connection.prepareStatement(
                "INSERT INTO `users` (`id`, `nickname`, `balance`) VALUES (?, ?, ?)");
        insert.setLong(1, id);
        insert.setString(2, nickname);
        insert.setBigDecimal(3, balance);
        insert.executeUpdate();
    }

    public static void createBook(Connection connection, Long id, String title, String type, Timestamp publishedAt, BigDecimal price, Integer stock) throws SQLException {
        PreparedStatement insert = connection.prepareStatement(
                "INSERT INTO `books` (`id`, `title`, `type`, `published_at`, `price`, `stock`) values (?, ?, ?, ?, ?, ?)");
        insert.setLong(1, id);
        insert.setString(2, title);
        insert.setString(3, type);
        insert.setTimestamp(4, publishedAt);
        insert.setBigDecimal(5, price);
        insert.setInt(6, stock);

        insert.executeUpdate();
    }

    public static void buy (HikariDataSource ds, Integer threadID, Long orderID, Long bookID,
                            Long userID, Integer quantity, Integer retryTimes) {
        String txnComment = "/* txn " + threadID + " */ ";

        try (Connection connection = ds.getConnection()) {
            try {

                connection.setAutoCommit(false);
                connection.createStatement().executeUpdate(txnComment + "begin optimistic");

                // waiting for other thread ran the 'begin optimistic' statement
                TimeUnit.SECONDS.sleep(1);

                BigDecimal price = null;

                // read price of book
                PreparedStatement selectBook = connection.prepareStatement(txnComment + "SELECT * FROM books where id = ? for update");
                selectBook.setLong(1, bookID);
                ResultSet res = selectBook.executeQuery();
                if (!res.next()) {
                    throw new RuntimeException("book not exist");
                } else {
                    price = res.getBigDecimal("price");
                    int stock = res.getInt("stock");
                    if (stock < quantity) {
                        throw new RuntimeException("book not enough");
                    }
                }

                // update book
                String updateBookSQL = "update `books` set stock = stock - ? where id = ? and stock - ? >= 0";
                PreparedStatement updateBook = connection.prepareStatement(txnComment + updateBookSQL);
                updateBook.setInt(1, quantity);
                updateBook.setLong(2, bookID);
                updateBook.setInt(3, quantity);
                updateBook.executeUpdate();

                // insert order
                String insertOrderSQL = "insert into `orders` (`id`, `book_id`, `user_id`, `quality`) values (?, ?, ?, ?)";
                PreparedStatement insertOrder = connection.prepareStatement(txnComment + insertOrderSQL);
                insertOrder.setLong(1, orderID);
                insertOrder.setLong(2, bookID);
                insertOrder.setLong(3, userID);
                insertOrder.setInt(4, quantity);
                insertOrder.executeUpdate();

                // update user
                String updateUserSQL = "update `users` set `balance` = `balance` - ? where id = ?";
                PreparedStatement updateUser = connection.prepareStatement(txnComment + updateUserSQL);
                updateUser.setBigDecimal(1, price.multiply(new BigDecimal(quantity)));
                updateUser.setLong(2, userID);
                updateUser.executeUpdate();

                connection.createStatement().executeUpdate(txnComment + "commit");
            } catch (Exception e) {
                connection.createStatement().executeUpdate(txnComment + "rollback");
                System.out.println("error occurred: " + e.getMessage());

                if (e instanceof SQLException sqlException) {
                    switch (sqlException.getErrorCode()) {
                        // You can get all error codes at https://docs.pingcap.com/tidb/stable/error-codes
                        case 9007: // Transactions in TiKV encounter write conflicts.
                        case 8028: // table schema changes
                        case 8002: // "SELECT FOR UPDATE" commit conflict
                        case 8022: // The transaction commit fails and has been rolled back
                            if (retryTimes != 0) {
                                System.out.println("rest " + retryTimes + " times. retry for " + e.getMessage());
                                buy(ds, threadID, orderID, bookID, userID, quantity, retryTimes - 1);
                            }
                    }
                }
            }
        } catch (SQLException e) {
            e.printStackTrace();
        }
    }
}
```

#### Configuration / コンフィグレーションの変更 {#configuration-changes}

スタートアップクラスを`pom.xml`に変更します：

{{< copyable "" >}}

```xml
<mainClass>com.pingcap.txn.TxnExample</mainClass>
```

楽観的なトランザクションの例を示すために、次のように変更します。

{{< copyable "" >}}

```xml
<mainClass>com.pingcap.txn.optimistic.TxnExample</mainClass>
```

### 売り過ぎを伴わない例 {#an-example-that-does-not-involve-overselling}

サンプルプログラムを実行します。

{{< copyable "" >}}

```shell
mvn clean package
java -jar target/plain-java-txn-0.0.1-jar-with-dependencies.jar ALICE_NUM=4 BOB_NUM=6
```

SQLステートメントの実行プロセス：

{{< copyable "" >}}

```sql
    /* txn 2 */ BEGIN OPTIMISTIC
/* txn 1 */ BEGIN OPTIMISTIC
    /* txn 2 */ SELECT * FROM `books` WHERE `id` = 1 FOR UPDATE
    /* txn 2 */ UPDATE `books` SET `stock` = `stock` - 4 WHERE `id` = 1 AND `stock` - 4 >= 0
    /* txn 2 */ INSERT INTO `orders` (`id`, `book_id`, `user_id`, `quality`) VALUES (1001, 1, 1, 4)
    /* txn 2 */ UPDATE `users` SET `balance` = `balance` - 400.0 WHERE `id` = 2
    /* txn 2 */ COMMIT
/* txn 1 */ SELECT * FROM `books` WHERE `id` = 1 for UPDATE
/* txn 1 */ UPDATE `books` SET `stock` = `stock` - 6 WHERE `id` = 1 AND `stock` - 6 >= 0
/* txn 1 */ INSERT INTO `orders` (`id`, `book_id`, `user_id`, `quality`) VALUES (1000, 1, 1, 6)
/* txn 1 */ UPDATE `users` SET `balance` = `balance` - 600.0 WHERE `id` = 1
retry 1 times for 9007 Write conflict, txnStartTS=432618733006225412, conflictStartTS=432618733006225411, conflictCommitTS=432618733006225414, key={tableID=126, handle=1} primary={tableID=114, indexID=1, indexValues={1, 1000, }} [try again later]
/* txn 1 */ BEGIN OPTIMISTIC
/* txn 1 */ SELECT * FROM `books` WHERE `id` = 1 FOR UPDATE
/* txn 1 */ UPDATE `books` SET `stock` = `stock` - 6 WHERE `id` = 1 AND `stock` - 6 >= 0
/* txn 1 */ INSERT INTO `orders` (`id`, `book_id`, `user_id`, `quality`) VALUES (1000, 1, 1, 6)
/* txn 1 */ UPDATE `users` SET `balance` = `balance` - 600.0 WHERE `id` = 1
/* txn 1 */ COMMIT
```

楽観的トランザクションモードでは、中間状態が必ずしも正しいとは限らないため、悲観的トランザクションモードのように、ステートメントが`affected_rows`を介して正常に実行されたかどうかを判断することはできません。トランザクション全体を考慮し、最後の`COMMIT`のステートメントが例外を返すかどうかをチェックして、現在のトランザクションに書き込みの競合があるかどうかを判断する必要があります。

上記のSQLログからわかるように、2つのトランザクションが同時に実行され、同じレコードが変更されるため、 `txn 1`のCOMMITの後に`9007 Write conflict`の例外がスローされます。オプティミスティックトランザクションモードでの書き込みの競合については、アプリケーション側で安全に再試行できます。 1回の再試行後、データは正常にコミットされます。最終的な実行結果は期待どおりです。

```sql
mysql> SELECT * FROM books;
+----+--------------------------------------+----------------------+---------------------+-------+--------+
| id | title                                | type                 | published_at        | stock | price  |
+----+--------------------------------------+----------------------+---------------------+-------+--------+
|  1 | Designing Data-Intensive Application | Science & Technology | 2018-09-01 00:00:00 |     0 | 100.00 |
+----+--------------------------------------+----------------------+---------------------+-------+--------+
1 row in set (0.01 sec)

mysql> SELECT * FROM orders;
+------+---------+---------+---------+---------------------+
| id   | book_id | user_id | quality | ordered_at          |
+------+---------+---------+---------+---------------------+
| 1000 |       1 |       1 |       6 | 2022-04-19 03:18:19 |
| 1001 |       1 |       1 |       4 | 2022-04-19 03:18:17 |
+------+---------+---------+---------+---------------------+
2 rows in set (0.01 sec)

mysql> SELECT * FROM users;
+----+---------+----------+
| id | balance | nickname |
+----+---------+----------+
|  1 | 9400.00 | Bob      |
|  2 | 9600.00 | Alice    |
+----+---------+----------+
2 rows in set (0.00 sec)
```

### 売り過ぎを防ぐ例 {#an-example-that-prevents-overselling}

このセクションでは、売り過ぎを防ぐ楽観的なトランザクションの例について説明します。在庫に10冊の本が残っていると仮定します。ボブは7冊の本を購入し、アリスは4冊の本を購入します。彼らはほぼ同時に注文します。何が起こるか？楽観的なトランザクションの例のコードを再利用して、この要件に対処できます。ボブの購入を6から7に変更します。

サンプルプログラムを実行します。

{{< copyable "" >}}

```shell
mvn clean package
java -jar target/plain-java-txn-0.0.1-jar-with-dependencies.jar ALICE_NUM=4 BOB_NUM=7
```

{{< copyable "" >}}

```sql
/* txn 1 */ BEGIN OPTIMISTIC
    /* txn 2 */ BEGIN OPTIMISTIC
    /* txn 2 */ SELECT * FROM `books` WHERE `id` = 1 FOR UPDATE
    /* txn 2 */ UPDATE `books` SET `stock` = `stock` - 4 WHERE `id` = 1 AND `stock` - 4 >= 0
    /* txn 2 */ INSERT INTO `orders` (`id`, `book_id`, `user_id`, `quality`) VALUES (1001, 1, 1, 4)
    /* txn 2 */ UPDATE `users` SET `balance` = `balance` - 400.0 WHERE `id` = 2
    /* txn 2 */ COMMIT
/* txn 1 */ SELECT * FROM `books` WHERE `id` = 1 FOR UPDATE
/* txn 1 */ UPDATE `books` SET `stock` = `stock` - 7 WHERE `id` = 1 AND `stock` - 7 >= 0
/* txn 1 */ INSERT INTO `orders` (`id`, `book_id`, `user_id`, `quality`) VALUES (1000, 1, 1, 7)
/* txn 1 */ UPDATE `users` SET `balance` = `balance` - 700.0 WHERE `id` = 1
retry 1 times for 9007 Write conflict, txnStartTS=432619094333980675, conflictStartTS=432619094333980676, conflictCommitTS=432619094333980678, key={tableID=126, handle=1} primary={tableID=114, indexID=1, indexValues={1, 1000, }} [try again later]
/* txn 1 */ BEGIN OPTIMISTIC
/* txn 1 */ SELECT * FROM `books` WHERE `id` = 1 FOR UPDATE
Fail -> out of stock
/* txn 1 */ ROLLBACK
```

上記のSQLログから、最初の実行での書き込みの競合が原因で、アプリケーション側で`txn 1`が再試行されていることがわかります。最新のスナップショットを比較すると、在庫が不足していることがわかります。アプリケーション側は`out of stock`をスローし、異常終了します。

```sql
mysql> SELECT * FROM books;
+----+--------------------------------------+----------------------+---------------------+-------+--------+
| id | title                                | type                 | published_at        | stock | price  |
+----+--------------------------------------+----------------------+---------------------+-------+--------+
|  1 | Designing Data-Intensive Application | Science & Technology | 2018-09-01 00:00:00 |     6 | 100.00 |
+----+--------------------------------------+----------------------+---------------------+-------+--------+
1 row in set (0.00 sec)

mysql> SELECT * FROM orders;
+------+---------+---------+---------+---------------------+
| id   | book_id | user_id | quality | ordered_at          |
+------+---------+---------+---------+---------------------+
| 1001 |       1 |       1 |       4 | 2022-04-19 03:41:16 |
+------+---------+---------+---------+---------------------+
1 row in set (0.00 sec)

mysql> SELECT * FROM users;
+----+----------+----------+
| id | balance  | nickname |
+----+----------+----------+
|  1 | 10000.00 | Bob      |
|  2 |  9600.00 | Alice    |
+----+----------+----------+
2 rows in set (0.00 sec)
```
