---
title: REVOKE <role> | TiDB SQL Statement Reference
summary: An overview of the usage of REVOKE <role> for the TiDB database.
---

# `REVOKE <role>`

This statement removes a previously assigned role from a specified user (or list of users).

## Synopsis

```ebnf+diagram
RevokeRoleStmt ::=
    'REVOKE' RolenameList 'FROM' UsernameList

RolenameList ::=
    Rolename ( ',' Rolename )*

UsernameList ::=
    Username ( ',' Username )*
```

## Examples

Connect to TiDB as the `root` user:

```shell
mysql -h 127.0.0.1 -P 4000 -u root
```

Create a new role `analyticsteam` and a new user `jennifer`:

```sql
CREATE ROLE analyticsteam;
Query OK, 0 rows affected (0.02 sec)

GRANT SELECT ON test.* TO analyticsteam;
Query OK, 0 rows affected (0.02 sec)

CREATE USER jennifer;
Query OK, 0 rows affected (0.01 sec)

GRANT analyticsteam TO jennifer;
Query OK, 0 rows affected (0.01 sec)
```

Connect to TiDB as the `jennifer` user:

```shell
mysql -h 127.0.0.1 -P 4000 -u jennifer
```

Note that by default `jennifer` needs to execute `SET ROLE analyticsteam` in order to be able to use the privileges associated with the `analyticsteam` role:

```sql
SHOW GRANTS;
+---------------------------------------------+
| Grants for User                             |
+---------------------------------------------+
| GRANT USAGE ON *.* TO 'jennifer'@'%'        |
| GRANT 'analyticsteam'@'%' TO 'jennifer'@'%' |
+---------------------------------------------+
2 rows in set (0.00 sec)

SHOW TABLES in test;
ERROR 1044 (42000): Access denied for user 'jennifer'@'%' to database 'test'
SET ROLE analyticsteam;
Query OK, 0 rows affected (0.00 sec)

SHOW GRANTS;
+---------------------------------------------+
| Grants for User                             |
+---------------------------------------------+
| GRANT USAGE ON *.* TO 'jennifer'@'%'        |
| GRANT SELECT ON test.* TO 'jennifer'@'%'    |
| GRANT 'analyticsteam'@'%' TO 'jennifer'@'%' |
+---------------------------------------------+
3 rows in set (0.00 sec)

SHOW TABLES IN test;
+----------------+
| Tables_in_test |
+----------------+
| t1             |
+----------------+
1 row in set (0.00 sec)
```

Connect to TiDB as the `root` user:

```shell
mysql -h 127.0.0.1 -P 4000 -u root
```

The statement `SET DEFAULT ROLE` can be used to associate the role `analyticsteam` to `jennifer`:

```sql
SET DEFAULT ROLE analyticsteam TO jennifer;
Query OK, 0 rows affected (0.02 sec)
```

Connect to TiDB as the `jennifer` user:

```shell
mysql -h 127.0.0.1 -P 4000 -u jennifer
```

After this, the user `jennifer` has the privileges associated with the role `analyticsteam` and `jennifer` does not have to execute the statement `SET ROLE`:

```sql
SHOW GRANTS;
+---------------------------------------------+
| Grants for User                             |
+---------------------------------------------+
| GRANT USAGE ON *.* TO 'jennifer'@'%'        |
| GRANT SELECT ON test.* TO 'jennifer'@'%'    |
| GRANT 'analyticsteam'@'%' TO 'jennifer'@'%' |
+---------------------------------------------+
3 rows in set (0.00 sec)

SHOW TABLES IN test;
+----------------+
| Tables_in_test |
+----------------+
| t1             |
+----------------+
1 row in set (0.00 sec)
```

Connect to TiDB as the `root` user:

```shell
mysql -h 127.0.0.1 -P 4000 -u root
```

Revoke the role of analyticsteam from `jennifer`:

```sql
REVOKE analyticsteam FROM jennifer;
Query OK, 0 rows affected (0.01 sec)
```

Connect to TiDB as the `jennifer` user:

```shell
mysql -h 127.0.0.1 -P 4000 -u jennifer
```

Show the privileges of `jennifer`:

```sql
SHOW GRANTS;
+--------------------------------------+
| Grants for User                      |
+--------------------------------------+
| GRANT USAGE ON *.* TO 'jennifer'@'%' |
+--------------------------------------+
1 row in set (0.00 sec)
```

## MySQL compatibility

The `REVOKE <role>` statement in TiDB is fully compatible with the roles feature in MySQL 8.0. If you find any compatibility differences, [report a bug](https://docs.pingcap.com/tidb/stable/support).

## See also

* [`CREATE ROLE`](/sql-statements/sql-statement-create-role.md)
* [`DROP ROLE`](/sql-statements/sql-statement-drop-role.md)
* [`GRANT <role>`](/sql-statements/sql-statement-grant-role.md)
* [`SET ROLE`](/sql-statements/sql-statement-set-role.md)
* [`SET DEFAULT ROLE`](/sql-statements/sql-statement-set-default-role.md)

<CustomContent platform="tidb">

* [Role-Based Access Control](/role-based-access-control.md)

</CustomContent>
