---
title: UPDATE | TiDB SQL Statement Reference
summary: UPDATEステートメントは、指定されたテーブル内のデータを変更するために使用されます。例えば、テーブルt1のc1が3の行のc1を5に変更することができます。TiDBは、より標準的なSQL動作に従い、列bを更新します。MySQLとは異なり、列bは値aに設定されず、値aはa+1に更新されます。
---

# アップデート {#update}

`UPDATE`ステートメントは、指定されたテーブル内のデータを変更するために使用されます。

## あらすじ {#synopsis}

**更新手順:**

![UpdateStmt](/media/sqlgram/UpdateStmt.png)

**優先度の最適化:**

![PriorityOpt](/media/sqlgram/PriorityOpt.png)

**テーブル参照:**

![TableRef](/media/sqlgram/TableRef.png)

**テーブル参照:**

![TableRefs](/media/sqlgram/TableRefs.png)

**課題リスト:**

![AssignmentList](/media/sqlgram/AssignmentList.png)

**WhereClauseオプション:**

![WhereClauseOptional](/media/sqlgram/WhereClauseOptional.png)

## 例 {#examples}

```sql
mysql> CREATE TABLE t1 (id INT NOT NULL PRIMARY KEY AUTO_INCREMENT, c1 INT NOT NULL);
Query OK, 0 rows affected (0.11 sec)

mysql> INSERT INTO t1 (c1) VALUES (1), (2), (3);
Query OK, 3 rows affected (0.02 sec)
Records: 3  Duplicates: 0  Warnings: 0

mysql> SELECT * FROM t1;
+----+----+
| id | c1 |
+----+----+
|  1 |  1 |
|  2 |  2 |
|  3 |  3 |
+----+----+
3 rows in set (0.00 sec)

mysql> UPDATE t1 SET c1=5 WHERE c1=3;
Query OK, 1 row affected (0.01 sec)
Rows matched: 1  Changed: 1  Warnings: 0

mysql> SELECT * FROM t1;
+----+----+
| id | c1 |
+----+----+
|  1 |  1 |
|  2 |  2 |
|  3 |  5 |
+----+----+
3 rows in set (0.00 sec)
```

## MySQLの互換性 {#mysql-compatibility}

TiDB は、式を評価するときに常に列の元の値を使用します。例えば：

```sql
CREATE TABLE t (a int, b int);
INSERT INTO t VALUES (1,2);
UPDATE t SET a = a+1,b=a;
```

MySQL では、列`b`は値`a`に設定されているため 2 に更新され、同じステートメント内で値`a` (1) は`a+1` (2) に更新されます。

TiDB は、より標準的な SQL 動作に従い、 `b`対 1 を更新します。

## こちらも参照 {#see-also}

-   [入れる](/sql-statements/sql-statement-insert.md)
-   [選択する](/sql-statements/sql-statement-select.md)
-   [消去](/sql-statements/sql-statement-delete.md)
-   [交換する](/sql-statements/sql-statement-replace.md)
