---
title: CREATE [GLOBAL|SESSION] BINDING
summary: Use of CREATE BINDING in TiDB database.
---

# [グローバル|セッション] バインディングの作成 {#create-global-session-binding}

このステートメントは、TiDB に新しい実行プラン バインディングを作成します。バインディングを使用すると、基になるクエリを変更することなく、ステートメントにヒントを挿入できます。

`BINDING`は`GLOBAL`または`SESSION`いずれかに基づいて指定できます。デフォルトは`SESSION`です。

バインドされた SQL ステートメントはパラメータ化され、システム テーブルに保存されます。 SQL クエリが処理されるとき、パラメーター化された SQL ステートメントとシステム テーブル内のバインドされた SQL ステートメントが一貫しており、システム変数`tidb_use_plan_baselines`が`ON` (デフォルト) に設定されている限り、対応するオプティマイザー ヒントが使用可能です。複数の実行プランが利用可能な場合、オプティマイザは最小のコストでプランをバインドすることを選択します。詳細については、 [バインディングを作成する](/sql-plan-management.md#create-a-binding)を参照してください。

## あらすじ {#synopsis}

```ebnf+diagram
CreateBindingStmt ::=
    'CREATE' GlobalScope 'BINDING' ( 'FOR' BindableStmt 'USING' BindableStmt
|   'FROM' 'HISTORY' 'USING' 'PLAN' 'DIGEST' PlanDigest )

GlobalScope ::=
    ( 'GLOBAL' | 'SESSION' )?

BindableStmt ::=
    ( SelectStmt | UpdateStmt | InsertIntoStmt | ReplaceIntoStmt | DeleteStmt )
```

***

## 例 {#examples}

SQL ステートメントまたは履歴実行計画に従ってバインディングを作成できます。

次の例は、SQL ステートメントに従ってバインディングを作成する方法を示しています。

```sql
mysql> CREATE TABLE t1 (
     id INT NOT NULL PRIMARY KEY auto_increment,
     b INT NOT NULL,
     pad VARBINARY(255),
     INDEX(b)
    );
Query OK, 0 rows affected (0.07 sec)

mysql> INSERT INTO t1 SELECT NULL, FLOOR(RAND()*1000), RANDOM_BYTES(255) FROM dual;
Query OK, 1 row affected (0.01 sec)
Records: 1  Duplicates: 0  Warnings: 0

mysql> INSERT INTO t1 SELECT NULL, FLOOR(RAND()*1000), RANDOM_BYTES(255) FROM t1 a JOIN t1 b JOIN t1 c LIMIT 100000;
Query OK, 1 row affected (0.00 sec)
Records: 1  Duplicates: 0  Warnings: 0

mysql> INSERT INTO t1 SELECT NULL, FLOOR(RAND()*1000), RANDOM_BYTES(255) FROM t1 a JOIN t1 b JOIN t1 c LIMIT 100000;
Query OK, 8 rows affected (0.00 sec)
Records: 8  Duplicates: 0  Warnings: 0

mysql> INSERT INTO t1 SELECT NULL, FLOOR(RAND()*1000), RANDOM_BYTES(255) FROM t1 a JOIN t1 b JOIN t1 c LIMIT 100000;
Query OK, 1000 rows affected (0.04 sec)
Records: 1000  Duplicates: 0  Warnings: 0

mysql> INSERT INTO t1 SELECT NULL, FLOOR(RAND()*1000), RANDOM_BYTES(255) FROM t1 a JOIN t1 b JOIN t1 c LIMIT 100000;
Query OK, 100000 rows affected (1.74 sec)
Records: 100000  Duplicates: 0  Warnings: 0

mysql> INSERT INTO t1 SELECT NULL, FLOOR(RAND()*1000), RANDOM_BYTES(255) FROM t1 a JOIN t1 b JOIN t1 c LIMIT 100000;
Query OK, 100000 rows affected (2.15 sec)
Records: 100000  Duplicates: 0  Warnings: 0

mysql> INSERT INTO t1 SELECT NULL, FLOOR(RAND()*1000), RANDOM_BYTES(255) FROM t1 a JOIN t1 b JOIN t1 c LIMIT 100000;
Query OK, 100000 rows affected (2.64 sec)
Records: 100000  Duplicates: 0  Warnings: 0

mysql> SELECT SLEEP(1);
+----------+
| SLEEP(1) |
+----------+
|        0 |
+----------+
1 row in set (1.00 sec)

mysql> ANALYZE TABLE t1;
Query OK, 0 rows affected (1.33 sec)

mysql> EXPLAIN ANALYZE SELECT * FROM t1 WHERE b = 123;
+-------------------------------+---------+---------+-----------+----------------------+---------------------------------------------------------------------------+-----------------------------------+----------------+------+
| id                            | estRows | actRows | task      | access object        | execution info                                                            | operator info                     | memory         | disk |
+-------------------------------+---------+---------+-----------+----------------------+---------------------------------------------------------------------------+-----------------------------------+----------------+------+
| IndexLookUp_10                | 583.00  | 297     | root      |                      | time:10.545072ms, loops:2, rpc num: 1, rpc time:398.359µs, proc keys:297  |                                   | 109.1484375 KB | N/A  |
| ├─IndexRangeScan_8(Build)     | 583.00  | 297     | cop[tikv] | table:t1, index:b(b) | time:0s, loops:4                                                          | range:[123,123], keep order:false | N/A            | N/A  |
| └─TableRowIDScan_9(Probe)     | 583.00  | 297     | cop[tikv] | table:t1             | time:12ms, loops:4                                                        | keep order:false                  | N/A            | N/A  |
+-------------------------------+---------+---------+-----------+----------------------+---------------------------------------------------------------------------+-----------------------------------+----------------+------+
3 rows in set (0.02 sec)

mysql> CREATE SESSION BINDING FOR
         SELECT * FROM t1 WHERE b = 123
        USING
         SELECT * FROM t1 IGNORE INDEX (b) WHERE b = 123;
Query OK, 0 rows affected (0.00 sec)

mysql> EXPLAIN ANALYZE SELECT * FROM t1 WHERE b = 123;
+-------------------------+-----------+---------+-----------+---------------+--------------------------------------------------------------------------------+--------------------+---------------+------+
| id                      | estRows   | actRows | task      | access object | execution info                                                                 | operator info      | memory        | disk |
+-------------------------+-----------+---------+-----------+---------------+--------------------------------------------------------------------------------+--------------------+---------------+------+
| TableReader_7           | 583.00    | 297     | root      |               | time:222.32506ms, loops:2, rpc num: 1, rpc time:222.078952ms, proc keys:301010 | data:Selection_6   | 88.6640625 KB | N/A  |
| └─Selection_6           | 583.00    | 297     | cop[tikv] |               | time:224ms, loops:298                                                          | eq(test.t1.b, 123) | N/A           | N/A  |
|   └─TableFullScan_5     | 301010.00 | 301010  | cop[tikv] | table:t1      | time:220ms, loops:298                                                          | keep order:false   | N/A           | N/A  |
+-------------------------+-----------+---------+-----------+---------------+--------------------------------------------------------------------------------+--------------------+---------------+------+
3 rows in set (0.22 sec)

mysql> SHOW SESSION BINDINGS\G
*************************** 1. row ***************************
Original_sql: select * from t1 where b = ?
    Bind_sql: SELECT * FROM t1 IGNORE INDEX (b) WHERE b = 123
  Default_db: test
      Status: using
 Create_time: 2020-05-22 14:38:03.456
 Update_time: 2020-05-22 14:38:03.456
     Charset: utf8mb4
   Collation: utf8mb4_0900_ai_ci
1 row in set (0.00 sec)

mysql> DROP SESSION BINDING FOR SELECT * FROM t1 WHERE b = 123;
Query OK, 0 rows affected (0.00 sec)

mysql> EXPLAIN ANALYZE SELECT * FROM t1 WHERE b = 123;
+-------------------------------+---------+---------+-----------+----------------------+-------------------------------------------------------------------------+-----------------------------------+----------------+------+
| id                            | estRows | actRows | task      | access object        | execution info                                                          | operator info                     | memory         | disk |
+-------------------------------+---------+---------+-----------+----------------------+-------------------------------------------------------------------------+-----------------------------------+----------------+------+
| IndexLookUp_10                | 583.00  | 297     | root      |                      | time:5.31206ms, loops:2, rpc num: 1, rpc time:665.927µs, proc keys:297  |                                   | 109.1484375 KB | N/A  |
| ├─IndexRangeScan_8(Build)     | 583.00  | 297     | cop[tikv] | table:t1, index:b(b) | time:0s, loops:4                                                        | range:[123,123], keep order:false | N/A            | N/A  |
| └─TableRowIDScan_9(Probe)     | 583.00  | 297     | cop[tikv] | table:t1             | time:0s, loops:4                                                        | keep order:false                  | N/A            | N/A  |
+-------------------------------+---------+---------+-----------+----------------------+-------------------------------------------------------------------------+-----------------------------------+----------------+------+
3 rows in set (0.01 sec)
```

次の例は、履歴実行計画に従ってバインディングを作成する方法を示しています。

```sql
mysql> CREATE TABLE t(id INT PRIMARY KEY , a INT, KEY(a));
Query OK, 0 rows affected (0.06 sec)

mysql> SELECT /*+ IGNORE_INDEX(t, a) */ * FROM t WHERE a = 1;
Empty set (0.01 sec)

mysql> SELECT plan_digest FROM INFORMATION_SCHEMA.STATEMENTS_SUMMARY WHERE QUERY_SAMPLE_TEXT = 'SELECT /*+ IGNORE_INDEX(t, a) */ * FROM t WHERE a = 1';
+------------------------------------------------------------------+
| plan_digest                                                      |
+------------------------------------------------------------------+
| 4e3159169cc63c14b139a4e7d72eae1759875c9a9581f94bb2079aae961189cb |
+------------------------------------------------------------------+
1 row in set (0.01 sec)

mysql> CREATE BINDING FROM HISTORY USING PLAN DIGEST '4e3159169cc63c14b139a4e7d72eae1759875c9a9581f94bb2079aae961189cb';
Query OK, 0 rows affected (0.02 sec)

mysql> SELECT * FROM t WHERE a = 1;
Empty set (0.01 sec)

mysql> SELECT @@LAST_PLAN_FROM_BINDING;
+--------------------------+
| @@LAST_PLAN_FROM_BINDING |
+--------------------------+
|                        1 |
+--------------------------+
1 row in set (0.01 sec)

```

## MySQLの互換性 {#mysql-compatibility}

このステートメントは、MySQL 構文に対する TiDB 拡張機能です。

## こちらも参照 {#see-also}

-   [[グローバル|セッション] バインディングを削除します](/sql-statements/sql-statement-drop-binding.md)
-   [[グローバル|セッション] バインディングを表示](/sql-statements/sql-statement-show-bindings.md)
-   [分析テーブル](/sql-statements/sql-statement-analyze-table.md)
-   [オプティマイザーのヒント](/optimizer-hints.md)
-   [SQL計画管理](/sql-plan-management.md)
