---
title: CREATE VIEW | TiDB SQL Statement Reference
summary: ビューの作成ステートメントは、`SELECT`ステートメントを保存し、クエリ可能なオブジェクトとしてテーブルと同様に機能します。TiDBのビューは実体化されず、クエリされると内部でクエリを書き換えてビュー定義とSQLクエリを結合します。現在、TiDB内のビューは挿入または更新できず、`WITH CHECK OPTION`も有効ではありません。ALTER VIEWはサポートされず、代わりにCREATE OR REPLACEを使用できます。また、ALGORITHMフィールドは構文的にのみ互換性がありますが、有効にはなりません。
---

# ビューの作成 {#create-view}

`CREATE VIEW`ステートメントは、テーブルと同様に、クエリ可能なオブジェクトとして`SELECT`ステートメントを保存します。 TiDB のビューは実体化されていません。これは、ビューがクエリされると、TiDB が内部でクエリを書き換えて、ビュー定義と SQL クエリを結合することを意味します。

## あらすじ {#synopsis}

```ebnf+diagram
CreateViewStmt ::=
    'CREATE' OrReplace ViewAlgorithm ViewDefiner ViewSQLSecurity 'VIEW' ViewName ViewFieldList 'AS' CreateViewSelectOpt ViewCheckOption

OrReplace ::=
    ( 'OR' 'REPLACE' )?

ViewAlgorithm ::=
    ( 'ALGORITHM' '=' ( 'UNDEFINED' | 'MERGE' | 'TEMPTABLE' ) )?

ViewDefiner ::=
    ( 'DEFINER' '=' Username )?

ViewSQLSecurity ::=
    ( 'SQL' 'SECURITY' ( 'DEFINER' | 'INVOKER' ) )?

ViewName ::= TableName

ViewFieldList ::=
    ( '(' Identifier ( ',' Identifier )* ')' )?

ViewCheckOption ::=
    ( 'WITH' ( 'CASCADED' | 'LOCAL' ) 'CHECK' 'OPTION' )?
```

## 例 {#examples}

```sql
mysql> CREATE TABLE t1 (id INT NOT NULL PRIMARY KEY AUTO_INCREMENT, c1 INT NOT NULL);
Query OK, 0 rows affected (0.11 sec)

mysql> INSERT INTO t1 (c1) VALUES (1),(2),(3),(4),(5);
Query OK, 5 rows affected (0.03 sec)
Records: 5  Duplicates: 0  Warnings: 0

mysql> CREATE VIEW v1 AS SELECT * FROM t1 WHERE c1 > 2;
Query OK, 0 rows affected (0.11 sec)

mysql> SELECT * FROM t1;
+----+----+
| id | c1 |
+----+----+
|  1 |  1 |
|  2 |  2 |
|  3 |  3 |
|  4 |  4 |
|  5 |  5 |
+----+----+
5 rows in set (0.00 sec)

mysql> SELECT * FROM v1;
+----+----+
| id | c1 |
+----+----+
|  3 |  3 |
|  4 |  4 |
|  5 |  5 |
+----+----+
3 rows in set (0.00 sec)

mysql> INSERT INTO t1 (c1) VALUES (6);
Query OK, 1 row affected (0.01 sec)

mysql> SELECT * FROM v1;
+----+----+
| id | c1 |
+----+----+
|  3 |  3 |
|  4 |  4 |
|  5 |  5 |
|  6 |  6 |
+----+----+
4 rows in set (0.00 sec)

mysql> INSERT INTO v1 (c1) VALUES (7);
ERROR 1105 (HY000): insert into view v1 is not supported now.
```

## MySQLの互換性 {#mysql-compatibility}

-   現在、TiDB 内のビューは挿入または更新できません (つまり、 `INSERT VIEW`と`UPDATE VIEW`はサポートされていません)。 `WITH CHECK OPTION`は構文的に互換性があるだけで、有効になりません。
-   現在、TiDB のビューは`ALTER VIEW`サポートしていませんが、代わりに`CREATE OR REPLACE`使用できます。
-   現在、 `ALGORITHM`フィールドは TiDB で構文的にのみ互換性がありますが、有効になりません。 TiDB は現在、MERGE アルゴリズムのみをサポートしています。

## こちらも参照 {#see-also}

-   [ドロップビュー](/sql-statements/sql-statement-drop-view.md)
-   [テーブルの作成](/sql-statements/sql-statement-create-table.md)
-   [テーブルの作成を表示](/sql-statements/sql-statement-show-create-table.md)
-   [ドロップテーブル](/sql-statements/sql-statement-drop-table.md)
