---
title: DROP VIEW | TiDB SQL Statement Reference
summary: An overview of the usage of DROP VIEW for the TiDB database.
category: reference
---

# DROP VIEW

This statement drops an view object from the currently selected database. It does not effect any base tables that a view references.

## Synopsis

**DropViewStmt:**

![DropViewStmt](/media/sqlgram-v3.0/DropViewStmt.png)

**TableNameList:**

![TableNameList](/media/sqlgram-v3.0/TableNameList.png)

**TableName:**

![TableName](/media/sqlgram-v3.0/TableName.png)

## Examples

```sql
mysql> CREATE TABLE t1 (id INT NOT NULL PRIMARY KEY auto_increment, c1 INT NOT NULL);
Query OK, 0 rows affected (0.11 sec)

mysql> INSERT INTO t1 (c1) VALUES (1),(2),(3),(4),(5);
Query OK, 5 rows affected (0.03 sec)
Records: 5  Duplicates: 0  Warnings: 0

mysql> CREATE VIEW v1 AS SELECT * FROM t1 WHERE c1 > 2;
Query OK, 0 rows affected (0.11 sec)

mysql> SELECT * FROM t1;
+----+----+
| id | c1 |
+----+----+
|  1 |  1 |
|  2 |  2 |
|  3 |  3 |
|  4 |  4 |
|  5 |  5 |
+----+----+
5 rows in set (0.00 sec)

mysql> SELECT * FROM v1;
+----+----+
| id | c1 |
+----+----+
|  3 |  3 |
|  4 |  4 |
|  5 |  5 |
+----+----+
3 rows in set (0.00 sec)

mysql> DROP VIEW v1;
Query OK, 0 rows affected (0.23 sec)

mysql> SELECT * FROM t1;
+----+----+
| id | c1 |
+----+----+
|  1 |  1 |
|  2 |  2 |
|  3 |  3 |
|  4 |  4 |
|  5 |  5 |
+----+----+
5 rows in set (0.00 sec)
```

## MySQL compatibility

This statement is understood to be fully compatible with MySQL. Any compatibility differences should be [reported via an issue](/v3.1/report-issue.md) on GitHub.

## See also

* [DROP TABLE](/v3.1/reference/sql/statements/drop-table.md)
* [CREATE VIEW](/v3.1/reference/sql/statements/create-view.md)
